game_id,season,week,start_date,home_team,away_team,selected_side,selected_team,market_role,spread_bucket,total_bucket,season_phase,market_spread_home,market_home_margin,market_total,books,actual_home_margin,market_margin_residual_home,aligned_residual,hit,margin_power_edge,margin_power_z,abs_margin_power_z,structural_z,structural_z_aligned,structural_members,line_elo_z,line_elo_z_aligned,confirmation_count,confirmation_combination,narrative_state,narrative_z,football_lab_edge,elo_edge,efficiency_power_edge,line_elo_edge,narrative_interaction_edge,structural_strength,line_elo_strength,joint_confirmation_strength
401234601,2020,6,2020-10-09T23:00:00+00:00,Georgia Tech,Louisville,away,Louisville,favorite,3-6.5,55-64.5,mid_5_9,4.583333333333333,-4.583333333333333,62.916666666666664,6,19.0,23.583333333333332,-23.583333333333332,False,-16.352777603534154,-1.8411505772224777,1.8411505772224777,-0.029146722531122576,0.029146722531122576,elo_edge|efficiency_power_edge,-0.09944360987267026,0.09944360987267026,2,structural+market,missing,,,0.9233333333333329,-3.702861642021195,-1.1478919537492098,0.05204843742488101,weak_<0.25,weak_<0.25,weak_any_<0.25
401215313,2020,7,2020-10-17T16:00:00+00:00,South Alabama,Texas State,away,Texas State,underdog,3-6.5,55-64.5,mid_5_9,-4.7,4.7,57.4,5,10.0,5.3,-5.3,False,-18.44762079091631,-2.0770078631923963,2.0770078631923963,-0.3714778524087573,0.3714778524087573,elo_edge|efficiency_power_edge,-0.1276846835741101,0.1276846835741101,2,structural+market,missing,,,-3.2800000000000002,-2.7377605812390478,-1.47388274701013,-0.17928941630246997,moderate_0.25_0.50,weak_<0.25,weak_any_<0.25
401234623,2020,8,2020-10-24T19:30:00+00:00,Wake Forest,Virginia Tech,home,Wake Forest,underdog,7-13.5,65+,mid_5_9,10.583333333333334,-10.583333333333334,68.58333333333333,6,7.0,17.583333333333336,17.583333333333336,True,17.71226982290191,1.9942150868185389,1.9942150868185389,0.9600737315980867,0.9600737315980867,elo_edge|efficiency_power_edge,0.5315507925657388,0.5315507925657388,2,structural+market,missing,,,7.963333333333334,8.59335741901944,6.135767583020091,0.30033074195308246,strong_>=0.50,strong_>=0.50,strong_both_>=0.50
401234625,2020,9,2020-10-31T23:00:00+00:00,Duke,Charlotte,away,Charlotte,underdog,7-13.5,45-54.5,mid_5_9,-10.916666666666666,10.916666666666666,54.9,6,34.0,23.083333333333336,-23.083333333333336,False,-10.586961388378102,-1.191980380570441,1.191980380570441,-1.473994320421086,1.473994320421086,elo_edge|efficiency_power_edge,-0.6650797643209003,0.6650797643209003,2,structural+market,missing,,,-10.816666666666666,-17.35699581699204,-7.677111792732655,0.311522624255036,strong_>=0.50,strong_>=0.50,strong_both_>=0.50
401237132,2020,11,2020-11-14T17:00:00+00:00,Kentucky,Vanderbilt,home,Kentucky,favorite,14+,<45,late_10_plus,-17.4,17.4,41.5,5,3.0,-14.399999999999999,-14.399999999999999,False,12.959267830555945,1.4590771075766455,1.4590771075766455,0.48017244680812277,0.48017244680812277,elo_edge|efficiency_power_edge,0.26265209273117823,0.26265209273117823,2,structural+market,missing,,,6.540000000000003,-3.2567583389334214,3.0318310474403845,0.27201420030934664,moderate_0.25_0.50,moderate_0.25_0.50,moderate_both_>=0.25
401234643,2020,12,2020-11-21T00:00:00+00:00,Louisville,Syracuse,away,Syracuse,underdog,14+,55-64.5,late_10_plus,-19.7,19.7,55.3,5,30.0,10.3,-10.3,False,-9.534197823098662,-1.073450287831081,1.073450287831081,-1.1339462364933823,1.1339462364933823,elo_edge|efficiency_power_edge,-0.02231753443228658,0.02231753443228658,2,structural+market,missing,,,-12.559999999999999,-0.8304970835334373,-0.25761452380042016,,strong_>=0.50,weak_<0.25,weak_any_<0.25
401237143,2020,13,2020-11-28T17:00:00+00:00,Missouri,Vanderbilt,home,Missouri,favorite,7-13.5,45-54.5,late_10_plus,-7.8,7.8,51.8,5,41.0,33.2,33.2,True,10.812692265623905,1.217395300592849,1.217395300592849,0.6778474173931596,0.6778474173931596,elo_edge|efficiency_power_edge,1.2148181975452634,1.2148181975452634,2,structural+market,missing,,,9.739999999999998,-6.097200065240639,14.022821939145697,0.17545727537370726,strong_>=0.50,strong_>=0.50,strong_both_>=0.50
401207191,2020,13,2020-11-28T20:00:00+00:00,UTSA,North Texas,home,UTSA,favorite,<3,65+,late_10_plus,-1.5,1.5,67.2,5,32.0,30.5,30.5,True,13.104449980177836,1.4754230889786661,1.4754230889786661,0.2137596924104231,0.2137596924104231,elo_edge|efficiency_power_edge,0.13715809021832462,0.13715809021832462,2,structural+market,missing,,,1.96,1.3609476900397013,1.583235648372138,-0.20751777100786997,weak_<0.25,weak_<0.25,weak_any_<0.25
401265734,2020,13,2020-11-28T22:37:00+00:00,Colorado,San Diego State,away,San Diego State,underdog,3-6.5,45-54.5,late_10_plus,-5.7,5.7,51.1,5,10.0,4.3,-4.3,False,-22.973702145647838,-2.586596967921545,2.586596967921545,-1.3519835796598665,1.3519835796598665,elo_edge|efficiency_power_edge,-1.2169116066366847,1.2169116066366847,2,structural+market,missing,,,-12.36,-8.715746823167855,-14.046986462688483,0.5500448464772582,strong_>=0.50,strong_>=0.50,strong_both_>=0.50
401249878,2020,14,2020-12-05T19:00:00+00:00,Central Michigan,Ball State,home,Central Michigan,underdog,<3,55-64.5,late_10_plus,2.6,-2.6,63.0,5,-25.0,-22.4,-22.4,False,9.335570011105842,1.0510868875837749,1.0510868875837749,1.2526759446682814,1.2526759446682814,elo_edge|efficiency_power_edge,0.5724405787233169,0.5724405787233169,2,structural+market,missing,,,7.140000000000001,20.81464745550214,6.60776429131446,-0.5500448464772582,strong_>=0.50,strong_>=0.50,strong_both_>=0.50
401249033,2020,14,2020-12-05T23:00:00+00:00,San José State,Hawai'i,home,San José State,underdog,<3,55-64.5,late_10_plus,0.9,-0.9,59.5,5,11.0,11.9,11.9,True,9.109558284841567,1.0256403469189896,1.0256403469189896,0.7222829108723707,0.7222829108723707,elo_edge|efficiency_power_edge,0.07283210972024734,0.07283210972024734,2,structural+market,missing,,,6.36,5.374768017180945,0.8407115633623833,,strong_>=0.50,weak_<0.25,weak_any_<0.25
401249885,2020,15,2020-12-12T17:00:00+00:00,Ball State,Western Michigan,home,Ball State,underdog,<3,65+,late_10_plus,2.1,-2.1,66.1,5,3.0,5.1,5.1,True,10.507105700188129,1.182989470893195,1.182989470893195,0.42431111293557616,0.42431111293557616,elo_edge|efficiency_power_edge,0.21184947141000082,0.21184947141000082,2,structural+market,missing,,,4.08,2.14188220522027,2.4454090509077107,-0.9819455246506901,moderate_0.25_0.50,weak_<0.25,weak_any_<0.25
401282074,2021,3,2021-09-18T23:30:00+00:00,LSU,Central Michigan,away,Central Michigan,underdog,14+,55-64.5,early_1_4,-19.5,19.5,60.7,5,28.0,8.5,-8.5,False,-12.499124065683237,-1.3775267170240992,1.3775267170240992,-1.1124352497006156,1.1124352497006156,elo_edge|efficiency_power_edge,-0.5573579119895367,0.5573579119895367,2,structural+market,agrees,-0.5869155356235094,,-8.2,-12.436893431189393,-5.592868822269065,-0.38651774829933666,strong_>=0.50,strong_>=0.50,strong_both_>=0.50
401309854,2021,3,2021-09-19T02:15:00+00:00,BYU,Arizona State,home,BYU,underdog,3-6.5,45-54.5,early_1_4,3.3,-3.3,50.7,5,10.0,13.3,13.3,True,33.88669612040561,3.7346480451135498,3.7346480451135498,1.4329556582593548,1.4329556582593548,elo_edge|efficiency_power_edge,0.35642302978116125,0.35642302978116125,2,structural+market,agrees,1.3161889058028817,,11.559999999999999,13.513697455788957,3.576565807931256,0.86678634544415,strong_>=0.50,moderate_0.25_0.50,moderate_both_>=0.25
401282206,2021,4,2021-09-25T16:00:00+00:00,Central Michigan,Florida International,away,Florida International,underdog,7-13.5,55-64.5,early_1_4,-12.125,12.125,55.375,4,4.0,-8.125,8.125,True,-16.121689095258848,-1.7767691028244217,1.7767691028244217,-0.8511914592284906,0.8511914592284906,elo_edge|efficiency_power_edge,-0.44279649750021344,0.44279649750021344,2,structural+market,opposes,0.06826912300632859,,-5.825,-10.645427141690268,-4.443289800334578,0.04495915698456356,strong_>=0.50,moderate_0.25_0.50,moderate_both_>=0.25
401282707,2021,4,2021-09-25T16:00:00+00:00,Wisconsin,Notre Dame,away,Notre Dame,underdog,3-6.5,<45,early_1_4,-6.0,6.0,43.875,4,-28.0,-34.0,34.0,True,-13.006536877708914,-1.433448612146715,1.433448612146715,-0.46930693221535,0.46930693221535,elo_edge|efficiency_power_edge,-0.1241495494128141,0.1241495494128141,2,structural+market,agrees,-0.20934846998120615,,-3.94,-4.038870459037659,-1.2457922086924924,-0.13786804798255178,moderate_0.25_0.50,weak_<0.25,weak_any_<0.25
401309557,2021,4,2021-09-25T18:00:00+00:00,Eastern Michigan,Texas State,away,Texas State,underdog,7-13.5,55-64.5,early_1_4,-7.5,7.5,62.25,4,38.0,30.5,-30.5,False,-39.879006544000525,-4.395059739711188,4.395059739711188,-0.11472402235844702,0.11472402235844702,elo_edge|efficiency_power_edge,-0.20778961638956112,0.20778961638956112,2,structural+market,agrees,-0.23269828411466137,,-1.2799999999999994,-0.19101799200344782,-2.0850875929042925,-0.15324524799563938,weak_<0.25,weak_<0.25,weak_any_<0.25
401282756,2021,4,2021-09-25T19:30:00+00:00,Iowa,Colorado State,away,Colorado State,underdog,14+,<45,early_1_4,-23.625,23.625,43.75,4,10.0,-13.625,13.625,True,-18.85425383716745,-2.077924681263062,2.077924681263062,-0.4821141627199883,0.4821141627199883,elo_edge|efficiency_power_edge,-0.146481761798364,0.146481761798364,2,structural+market,agrees,-1.3161889058028817,,-2.844999999999999,-7.171233989029393,-1.4698872321893113,-0.86678634544415,moderate_0.25_0.50,weak_<0.25,weak_any_<0.25
401287907,2021,4,2021-09-25T19:30:00+00:00,Baylor,Iowa State,home,Baylor,underdog,7-13.5,45-54.5,early_1_4,7.0,-7.0,46.125,4,2.0,9.0,9.0,True,29.520205124689877,3.2534176825189536,3.2534176825189536,0.5716603898707339,0.5716603898707339,elo_edge|efficiency_power_edge,0.3557710365378192,0.3557710365378192,2,structural+market,agrees,0.6695663082885114,,-0.6600000000000001,18.639878048772587,3.5700233105438928,0.4409480514804224,strong_>=0.50,moderate_0.25_0.50,moderate_both_>=0.25
401282083,2021,4,2021-09-25T20:00:00+00:00,Auburn,Georgia State,away,Georgia State,underdog,14+,55-64.5,early_1_4,-27.5,27.5,57.375,4,10.0,-17.5,17.5,True,-19.66527175104243,-2.1673068522437657,2.1673068522437657,-1.2680792993295964,1.2680792993295964,elo_edge|efficiency_power_edge,-0.5951694611441193,0.5951694611441193,2,structural+market,agrees,-0.09062515090774954,,-7.359999999999999,-19.17136853632898,-5.972292940666311,-0.05968189141720148,strong_>=0.50,strong_>=0.50,strong_both_>=0.50
401309858,2021,4,2021-09-25T22:00:00+00:00,Stanford,UCLA,home,Stanford,underdog,3-6.5,55-64.5,early_1_4,4.0,-4.0,60.125,4,-11.0,-7.0,-7.0,False,21.820046237787444,2.404784247384007,2.404784247384007,0.32585334200376515,0.32585334200376515,elo_edge|efficiency_power_edge,0.08562986979228678,0.08562986979228678,2,structural+market,opposes,-0.07578799621510446,,2.26,3.9997092692589873,0.8592622778184067,-0.049910768870789886,moderate_0.25_0.50,weak_<0.25,weak_any_<0.25
401282084,2021,4,2021-09-25T23:00:00+00:00,Florida,Tennessee,away,Tennessee,underdog,14+,55-64.5,early_1_4,-19.0,19.0,64.75,4,24.0,5.0,-5.0,False,-16.067994103172552,-1.7708513852483279,1.7708513852483279,-1.0471857501109787,1.0471857501109787,elo_edge|efficiency_power_edge,-0.25499406651370016,0.25499406651370016,2,structural+market,agrees,-0.4059364091386208,,-7.42,-12.458930652669338,-2.5587658016324184,-0.2673325500683733,strong_>=0.50,moderate_0.25_0.50,moderate_both_>=0.25
401282211,2021,4,2021-09-26T00:00:00+00:00,Tulane,UAB,away,UAB,underdog,<3,45-54.5,early_1_4,-2.625,2.625,54.625,4,-7.0,-9.625,9.625,True,-15.804659607018031,-1.7418293272176475,1.7418293272176475,-0.01312753763323565,0.01312753763323565,elo_edge|efficiency_power_edge,-0.06203355673302778,0.06203355673302778,2,structural+market,agrees,-0.5707857485727796,,-0.20500000000000007,0.12524669334720873,-0.6224824980920403,-0.3758953527534892,weak_<0.25,weak_<0.25,weak_any_<0.25
401310708,2021,4,2021-09-26T00:00:00+00:00,New Mexico State,Hawai'i,home,New Mexico State,underdog,14+,55-64.5,early_1_4,17.0,-17.0,63.0,4,-20.0,-3.0,-3.0,False,15.370643096855577,1.6939964282691675,1.6939964282691675,1.624867689242278,1.624867689242278,elo_edge|efficiency_power_edge,0.31554224182518686,0.31554224182518686,2,structural+market,opposes,-0.3255814544205671,,12.58,16.65101184961311,3.166343077670536,-0.21441417548603725,strong_>=0.50,moderate_0.25_0.50,moderate_both_>=0.25
401282212,2021,4,2021-09-26T01:00:00+00:00,UTEP,New Mexico,home,UTEP,underdog,<3,45-54.5,early_1_4,2.375,-2.375,54.0,4,7.0,9.375,9.375,True,19.591568257270904,2.1591840004923344,2.1591840004923344,0.41288133671492777,0.41288133671492777,elo_edge|efficiency_power_edge,0.10653864255818267,0.10653864255818267,2,structural+market,opposes,-0.6907094641753252,,2.675,5.54191086098982,1.069073641035375,-0.45487203970239265,moderate_0.25_0.50,weak_<0.25,weak_any_<0.25
401309857,2021,4,2021-09-26T01:30:00+00:00,Washington,California,home,Washington,favorite,7-13.5,45-54.5,early_1_4,-7.375,7.375,47.5,4,7.0,-0.375,-0.375,False,29.614397116215095,3.263798568745368,3.263798568745368,0.32123274322006556,0.32123274322006556,elo_edge|efficiency_power_edge,0.09919444844807895,0.09919444844807895,2,structural+market,agrees,0.6695663082885114,,5.645,-4.644636458059091,0.9953775233711077,0.4409480514804224,moderate_0.25_0.50,weak_<0.25,weak_any_<0.25
401287916,2021,5,2021-10-02T19:30:00+00:00,West Virginia,Texas Tech,away,Texas Tech,underdog,7-13.5,55-64.5,mid_5_9,-7.375,7.375,55.25,4,-3.0,-10.375,10.375,True,-9.821129563114956,-1.0823853170391382,1.0823853170391382,-0.623718925647426,0.623718925647426,elo_edge|efficiency_power_edge,-0.15749389173296233,0.15749389173296233,2,structural+market,agrees,-0.16914323537463835,,-3.1550000000000002,-10.598522791815586,-1.5803896523633467,-0.11139058094213991,strong_>=0.50,weak_<0.25,weak_any_<0.25
401310711,2021,5,2021-10-02T19:30:00+00:00,Boise State,Nevada,home,Boise State,favorite,3-6.5,55-64.5,mid_5_9,-3.75,3.75,59.0,4,-10.0,-13.75,-13.75,False,25.73833624181333,2.8366184413027047,2.8366184413027047,0.6008797505578796,0.6008797505578796,elo_edge|efficiency_power_edge,0.3409758746738721,0.3409758746738721,2,structural+market,agrees,0.5358943369092455,,9.15,-5.1463877628482315,3.421559643429309,0.3529173447563973,strong_>=0.50,moderate_0.25_0.50,moderate_both_>=0.25
401282647,2021,5,2021-10-02T23:30:00+00:00,Clemson,Boston College,home,Clemson,favorite,14+,45-54.5,mid_5_9,-14.5,14.5,46.375,4,6.0,-8.5,-8.5,False,12.961277021223076,1.4284605296866733,1.4284605296866733,0.10956545484956223,0.10956545484956223,elo_edge|efficiency_power_edge,0.6023438514899649,0.6023438514899649,2,structural+market,opposes,-0.04110198292704375,,1.6400000000000006,-0.8669596585372439,6.044285143918323,-0.027068027556506166,weak_<0.25,strong_>=0.50,weak_any_<0.25
401282729,2021,5,2021-10-02T23:30:00+00:00,Penn State,Indiana,away,Indiana,underdog,7-13.5,45-54.5,mid_5_9,-12.25,12.25,54.0,4,24.0,11.75,-11.75,False,-12.20043478817957,-1.3446082134803523,1.3446082134803523,-0.544060509763932,0.544060509763932,elo_edge|efficiency_power_edge,-0.24332241441608457,0.24332241441608457,2,structural+market,opposes,0.3857018417917579,,-2.3499999999999996,-10.255372179339856,-2.4416453343045035,0.2540069198302641,strong_>=0.50,weak_<0.25,weak_any_<0.25
401309865,2021,5,2021-10-03T01:00:00+00:00,Oregon State,Washington,away,Washington,underdog,<3,55-64.5,mid_5_9,-2.375,2.375,57.625,4,3.0,0.625,-0.625,False,-12.572983295111989,-1.385666732380556,1.385666732380556,-0.3647324803860816,0.3647324803860816,elo_edge|efficiency_power_edge,-0.26212435168174736,0.26212435168174736,2,structural+market,opposes,1.029425149151192,,-6.835,6.3431517742022265,-2.630315426662246,0.6779358639227844,moderate_0.25_0.50,moderate_0.25_0.50,moderate_both_>=0.25
401309868,2021,6,2021-10-09T02:30:00+00:00,Arizona State,Stanford,away,Stanford,underdog,7-13.5,45-54.5,mid_5_9,-13.5,13.5,53.5,4,18.0,4.5,-4.5,False,-12.850247331997144,-1.416223963149061,1.416223963149061,-0.3854649813349119,0.3854649813349119,elo_edge|efficiency_power_edge,-0.42468351489045897,0.42468351489045897,2,structural+market,opposes,0.06226872516401665,,-2.84,-4.31283389904139,-4.26153309869418,0.0410075487511118,moderate_0.25_0.50,moderate_0.25_0.50,moderate_both_>=0.25
401282655,2021,6,2021-10-09T19:30:00+00:00,Syracuse,Wake Forest,away,Wake Forest,favorite,3-6.5,55-64.5,mid_5_9,5.875,-5.875,58.625,4,-3.0,2.875,-2.875,False,-10.42634719055225,-1.1490862672039397,1.1490862672039397,-0.10728019403559214,0.10728019403559214,elo_edge|efficiency_power_edge,-0.15741254025970744,0.15741254025970744,2,structural+market,agrees,-0.35142984232631785,,-0.7850000000000001,-1.2139195712223358,-1.5795733221227142,-0.2314368305089356,weak_<0.25,weak_<0.25,weak_any_<0.25
401287919,2021,6,2021-10-09T23:00:00+00:00,Texas Tech,TCU,home,Texas Tech,underdog,<3,55-64.5,mid_5_9,2.5,-2.5,60.375,4,-21.0,-18.5,-18.5,False,13.873636287403384,1.5290115169465293,1.5290115169465293,0.11086415837209794,0.11086415837209794,elo_edge|efficiency_power_edge,0.06804250481786445,0.06804250481786445,2,structural+market,agrees,0.4644125660571,,0.20000000000000018,2.790587535806995,0.6827799437286375,0.3058424737788063,weak_<0.25,weak_<0.25,weak_any_<0.25
401309565,2021,6,2021-10-09T23:00:00+00:00,Kent State,Buffalo,away,Buffalo,underdog,7-13.5,65+,mid_5_9,-7.0,7.0,66.0,4,10.0,3.0,-3.0,False,-11.227097672076308,-1.2373368658997137,1.2373368658997137,-1.0276987327660552,1.0276987327660552,elo_edge|efficiency_power_edge,-0.8237034573781238,0.8237034573781238,2,structural+market,agrees,-0.6880226955604287,,-12.42,0.6857968102630911,-8.265542278068224,-0.45310264752890406,strong_>=0.50,strong_>=0.50,strong_both_>=0.50
401310714,2021,6,2021-10-09T23:00:00+00:00,Air Force,Wyoming,home,Air Force,favorite,3-6.5,45-54.5,mid_5_9,-5.5,5.5,46.375,4,10.0,4.5,4.5,True,9.408424287495311,1.0369011262722247,1.0369011262722247,0.3695444714822456,0.3695444714822456,elo_edge|efficiency_power_edge,0.11976511414355645,0.11976511414355645,2,structural+market,agrees,0.14104314321090397,,0.3200000000000003,10.173110884081371,1.2017961142741749,0.09288504873026537,moderate_0.25_0.50,weak_<0.25,weak_any_<0.25
401282656,2021,6,2021-10-09T23:30:00+00:00,Virginia Tech,Notre Dame,away,Notre Dame,underdog,<3,45-54.5,mid_5_9,-0.75,0.75,46.875,4,-3.0,-3.75,3.75,True,-13.069467112323398,-1.4403841445115828,1.4403841445115828,-0.48275455833796965,0.48275455833796965,elo_edge|efficiency_power_edge,-0.28101214204191005,0.28101214204191005,2,structural+market,agrees,-0.20934846998120615,,-8.13,6.091862567406768,-2.8198470212705073,-0.13786804798255178,moderate_0.25_0.50,moderate_0.25_0.50,moderate_both_>=0.25
401309618,2021,6,2021-10-10T00:00:00+00:00,UL Monroe,Georgia State,home,UL Monroe,underdog,14+,45-54.5,mid_5_9,16.0,-16.0,49.5,4,-34.0,-18.0,-18.0,False,17.508384318214013,1.9295965896108738,1.9295965896108738,1.4095136111464583,1.4095136111464583,elo_edge|efficiency_power_edge,0.11373240895831446,0.11373240895831446,2,structural+market,opposes,-0.3004644689076901,,9.66,17.59237973372602,1.141260275419672,-0.1978731911445837,strong_>=0.50,weak_<0.25,weak_any_<0.25
401301023,2021,7,2021-10-16T16:00:00+00:00,Cincinnati,UCF,away,UCF,underdog,14+,55-64.5,mid_5_9,-21.75,21.75,56.0,4,35.0,13.25,-13.25,False,-12.71153369593156,-1.40093635269798,1.40093635269798,-1.6080509046508888,1.6080509046508888,elo_edge|efficiency_power_edge,-1.2307233089921004,1.2307233089921004,2,structural+market,agrees,-0.24571737820150708,,-6.890000000000001,-30.451423514746175,-12.349827419030081,-0.16181907272154128,strong_>=0.50,strong_>=0.50,strong_both_>=0.50
401301026,2021,8,2021-10-22T23:00:00+00:00,UCF,Memphis,home,UCF,favorite,<3,55-64.5,mid_5_9,-0.625,0.625,63.875,4,17.0,16.375,16.375,True,14.358000759709427,1.5823932577687316,1.5823932577687316,0.12373862483645694,0.12373862483645694,elo_edge|efficiency_power_edge,0.4553477115612216,0.4553477115612216,2,structural+market,opposes,-0.11488278225329808,,2.5949999999999998,-2.8460256016891385,4.569236328218003,-0.07565694145024625,weak_<0.25,moderate_0.25_0.50,weak_any_<0.25
401301029,2021,8,2021-10-23T23:00:00+00:00,South Florida,Temple,home,South Florida,favorite,<3,45-54.5,mid_5_9,-1.5,1.5,54.875,4,20.0,18.5,18.5,True,10.15909407870665,1.1196323390854162,1.1196323390854162,0.48248741945173534,0.48248741945173534,elo_edge|efficiency_power_edge,0.19287576944868323,0.19287576944868323,2,structural+market,agrees,0.029155697212171035,,2.5999999999999996,7.7980489830995925,1.9354329674267685,0.019200709050193693,moderate_0.25_0.50,weak_<0.25,weak_any_<0.25
401282114,2021,8,2021-10-23T23:30:00+00:00,Texas A&M,South Carolina,away,South Carolina,underdog,14+,45-54.5,mid_5_9,-19.375,19.375,45.875,4,30.0,10.625,-10.625,False,-9.722434345366517,-1.0715081308798093,1.0715081308798093,-0.298983381882471,0.298983381882471,elo_edge|efficiency_power_edge,-0.14877497258543187,0.14877497258543187,2,structural+market,opposes,0.2772905885396192,,0.08500000000000085,-9.094927322804335,-1.4928987062134276,0.18261185366829868,moderate_0.25_0.50,weak_<0.25,weak_any_<0.25
401310733,2021,9,2021-10-31T02:30:00+00:00,San Diego State,Fresno State,home,San Diego State,underdog,<3,<45,mid_5_9,2.0,-2.0,44.125,4,-10.0,-8.0,-8.0,False,10.74656089239151,1.1843769745465313,1.1843769745465313,0.5837447360429122,0.5837447360429122,elo_edge|efficiency_power_edge,0.5110857909283958,0.5110857909283958,2,structural+market,agrees,0.1993917765500092,,6.14,1.909267125875873,5.128546171318749,0.13131099080490413,strong_>=0.50,strong_>=0.50,strong_both_>=0.50
401309583,2021,11,2021-11-10T01:00:00+00:00,Eastern Michigan,Ohio,home,Eastern Michigan,favorite,3-6.5,55-64.5,late_10_plus,-6.125,6.125,61.75,4,-8.0,-14.125,-14.125,False,10.188355683704685,1.1228572564841055,1.1228572564841055,0.2595990320149145,0.2595990320149145,elo_edge|efficiency_power_edge,0.07159769574679146,0.07159769574679146,2,structural+market,agrees,1.0838967250475344,,2.495000000000001,1.4410279401955188,0.7184548952739256,0.7138085399449035,moderate_0.25_0.50,weak_<0.25,weak_any_<0.25
401282255,2021,11,2021-11-13T20:30:00+00:00,Middle Tennessee,Florida International,home,Middle Tennessee,favorite,7-13.5,45-54.5,late_10_plus,-10.375,10.375,54.75,4,40.0,29.625,29.625,True,10.394170570347605,1.1455400863865872,1.1455400863865872,0.03082904032349977,0.03082904032349977,elo_edge|efficiency_power_edge,0.10219192650246134,0.10219192650246134,2,structural+market,agrees,0.4605078457121702,,1.6449999999999996,-3.2183923646070767,1.0254560441836116,0.30327099010891584,weak_<0.25,weak_<0.25,weak_any_<0.25
401310744,2021,11,2021-11-14T03:30:00+00:00,San José State,Utah State,away,Utah State,underdog,3-6.5,55-64.5,late_10_plus,-4.375,4.375,57.875,4,-31.0,-35.375,35.375,True,-12.160295415803054,-1.3401844588586154,1.3401844588586154,-0.286895966472247,0.286895966472247,elo_edge|efficiency_power_edge,-0.1934141929570036,0.1934141929570036,2,structural+market,agrees,-0.45035475047962537,,-2.795,-1.497932037073633,-1.9408358369080907,-0.29658459101167106,moderate_0.25_0.50,weak_<0.25,weak_any_<0.25
401331160,2021,14,2021-12-04T17:00:00+00:00,Northern Illinois,Kent State,home,Northern Illinois,underdog,3-6.5,65+,late_10_plus,3.75,-3.75,75.5,4,18.0,21.75,21.75,True,9.820726601089582,1.0823409066506195,1.0823409066506195,0.3802708400419853,0.3802708400419853,elo_edge|efficiency_power_edge,0.4618169578487697,0.4618169578487697,2,structural+market,opposes,-0.31069505285619514,,2.45,5.138679309248889,4.634152686426778,-0.20461062103279187,moderate_0.25_0.50,moderate_0.25_0.50,moderate_both_>=0.25
401301056,2021,15,2021-12-11T20:00:00+00:00,Army,Navy,home,Army,underdog,3-6.5,<45,late_10_plus,3.5,-3.5,35.5,4,-4.0,-0.5,-0.5,False,17.33484686329426,1.9104710509491165,1.9104710509491165,2.393791644181774,2.393791644181774,elo_edge|efficiency_power_edge,1.7999493799099153,1.7999493799099153,2,structural+market,opposes,-0.011185230828176018,,16.64,29.28843147251015,18.061788577874694,-0.007366119946581537,strong_>=0.50,strong_>=0.50,strong_both_>=0.50
401415623,2022,3,2022-09-17T16:00:00+00:00,Miami (OH),Cincinnati,home,Miami (OH),underdog,14+,45-54.5,early_1_4,24.0,-24.0,50.75,4,-21.0,3.0,3.0,True,26.732995179524316,2.792262698251888,2.792262698251888,1.5143847667343941,1.5143847667343941,elo_edge|efficiency_power_edge,0.837869570465128,0.837869570465128,2,structural+market,agrees,0.15125195812979245,8.271007958735446,14.18,9.06392078869143,7.419766804315742,0.07568224164173637,strong_>=0.50,strong_>=0.50,strong_both_>=0.50
401403989,2022,3,2022-09-17T19:30:00+00:00,Oregon,BYU,away,BYU,underdog,3-6.5,55-64.5,early_1_4,-3.625,3.625,57.875,4,21.0,17.375,-17.375,False,-25.771731869941455,-2.6918586969597986,2.6918586969597986,-1.0476380377884544,1.0476380377884544,elo_edge|efficiency_power_edge,-0.006811749692345964,0.006811749692345964,2,structural+market,agrees,-0.3456904516327404,0.20647256818226323,-9.445,-7.127229421954191,-0.060321553650073856,-0.1729738154613466,strong_>=0.50,weak_<0.25,weak_any_<0.25
401403885,2022,3,2022-09-17T22:00:00+00:00,LSU,Mississippi State,home,LSU,underdog,3-6.5,45-54.5,early_1_4,3.0,-3.0,53.0,4,15.0,18.0,18.0,True,23.4971909456334,2.4542827824039435,2.4542827824039435,0.7969226484571693,0.7969226484571693,elo_edge|efficiency_power_edge,0.5900063073702353,0.5900063073702353,2,structural+market,opposes,-0.3456904516327404,8.012977141907237,2.22,17.08965804837365,5.22480988458905,-0.1729738154613466,strong_>=0.50,strong_>=0.50,strong_both_>=0.50
401405088,2022,3,2022-09-17T23:00:00+00:00,Ohio State,Toledo,away,Toledo,underdog,14+,55-64.5,early_1_4,-32.125,32.125,63.0,4,56.0,23.875,-23.875,False,-10.319302593048668,-1.0778516776381843,1.0778516776381843,-1.1927866205960076,1.1927866205960076,elo_edge|efficiency_power_edge,-0.5210495437211891,0.5210495437211891,2,structural+market,agrees,-0.07382465725228833,-3.744487955532133,-15.225000000000001,2.394113149847094,-4.614162208755435,-0.03693978986038346,strong_>=0.50,strong_>=0.50,strong_both_>=0.50
401405087,2022,3,2022-09-17T23:30:00+00:00,Maryland,SMU,away,SMU,underdog,<3,65+,early_1_4,-2.875,2.875,73.75,4,7.0,4.125,-4.125,False,-21.12306963283509,-2.2063056912350114,2.2063056912350114,-1.043490008300402,1.043490008300402,elo_edge|efficiency_power_edge,-0.052606705799228645,0.052606705799228645,2,structural+market,opposes,0.294688431834668,5.0260994332349584,-3.455,-21.08895190371602,-0.46585948831730084,0.14745383387365674,strong_>=0.50,weak_<0.25,weak_any_<0.25
401415220,2022,4,2022-09-24T00:00:00+00:00,Air Force,Nevada,away,Nevada,underdog,14+,45-54.5,early_1_4,-24.0,24.0,46.875,4,28.0,4.0,-4.0,False,-9.584750694111893,-1.0011276946517127,1.0011276946517127,-2.008629907225924,2.008629907225924,elo_edge|efficiency_power_edge,-0.1293780523573949,0.1293780523573949,2,structural+market,opposes,0.17384257623900026,-4.0212982575764045,-14.7,-21.67652476487679,-1.145709322699858,0.0869859539355641,strong_>=0.50,weak_<0.25,weak_any_<0.25
401404078,2022,4,2022-09-24T16:00:00+00:00,SMU,TCU,home,SMU,underdog,<3,65+,early_1_4,2.5,-2.5,72.25,4,-8.0,-5.5,-5.5,False,13.581991651303994,1.418639714750419,1.418639714750419,1.4103212100317148,1.4103212100317148,elo_edge|efficiency_power_edge,0.09966852298086859,0.09966852298086859,2,structural+market,opposes,-0.5470209457025887,-1.676502875953683,11.4,12.68463221543341,0.8826161306205451,-0.2737139532450117,strong_>=0.50,weak_<0.25,weak_any_<0.25
401411123,2022,4,2022-09-24T16:00:00+00:00,Wake Forest,Clemson,home,Wake Forest,underdog,7-13.5,55-64.5,early_1_4,7.625,-7.625,58.0,4,-6.0,1.625,1.625,True,30.25866728189916,3.1605193276201113,3.1605193276201113,0.438070654381601,0.438070654381601,elo_edge|efficiency_power_edge,0.3287266213206297,0.3287266213206297,2,structural+market,opposes,-0.3456904516327404,2.135714264351905,4.485,1.7215573443803418,2.9110436260570625,-0.1729738154613466,moderate_0.25_0.50,moderate_0.25_0.50,moderate_both_>=0.25
401404126,2022,4,2022-09-24T19:30:00+00:00,North Carolina,Notre Dame,away,Notre Dame,underdog,<3,55-64.5,early_1_4,-2.625,2.625,55.5,4,-13.0,-15.625,15.625,True,-10.358602099083598,-1.0819565130307074,1.0819565130307074,-0.9413871413054349,0.9413871413054349,elo_edge|efficiency_power_edge,-0.6071689154310054,0.6071689154310054,2,structural+market,agrees,-0.3234811711456372,0.1562462804267284,-8.565,-6.221291004847724,-5.376793622934019,-0.16186091382822076,strong_>=0.50,strong_>=0.50,strong_both_>=0.50
401403898,2022,4,2022-09-24T20:00:00+00:00,Ole Miss,Tulsa,away,Tulsa,underdog,14+,65+,early_1_4,-21.0,21.0,66.5,4,8.0,-13.0,13.0,True,-15.942584964871653,-1.6652038057156682,1.6652038057156682,-0.43337980066257553,0.43337980066257553,elo_edge|efficiency_power_edge,-0.34796373446754336,0.34796373446754336,2,structural+market,opposes,0.294688431834668,-4.303255406812447,-8.54,7.939899295504638,-3.0813981759413593,0.14745383387365674,moderate_0.25_0.50,moderate_0.25_0.50,moderate_both_>=0.25
401403896,2022,4,2022-09-24T23:00:00+00:00,Kentucky,Northern Illinois,away,Northern Illinois,underdog,14+,45-54.5,early_1_4,-26.875,26.875,53.0,4,8.0,-18.875,18.875,True,-15.204119217897023,-1.5880710211037394,1.5880710211037394,-1.9300747954370312,1.9300747954370312,elo_edge|efficiency_power_edge,-1.2094278639930438,1.2094278639930438,2,structural+market,opposes,0.04828768861476122,-9.259307405026359,-9.814999999999998,-30.958477034122584,-10.710106959115976,0.02416180632139163,strong_>=0.50,strong_>=0.50,strong_both_>=0.50
401403892,2022,4,2022-09-24T23:30:00+00:00,Alabama,Vanderbilt,away,Vanderbilt,underdog,14+,55-64.5,early_1_4,-40.5,40.5,60.75,4,52.0,11.5,-11.5,False,-14.799457693707637,-1.5458041044404984,1.5458041044404984,-1.4591741988001958,1.4591741988001958,elo_edge|efficiency_power_edge,-0.12910837922993199,0.12910837922993199,2,structural+market,agrees,-0.18810550020210706,-11.463096525684929,-10.04,-17.24840880875624,-1.143321228192434,-0.09412272142764022,strong_>=0.50,weak_<0.25,weak_any_<0.25
401415225,2022,4,2022-09-25T02:30:00+00:00,San José State,Western Michigan,away,Western Michigan,underdog,3-6.5,45-54.5,early_1_4,-6.5,6.5,48.75,4,28.0,21.5,-21.5,False,-18.548339440025238,-1.9373749924051107,1.9373749924051107,-0.6580947632515537,0.6580947632515537,elo_edge|efficiency_power_edge,-1.2417623373677547,1.2417623373677547,2,structural+market,agrees,-0.20275220011558182,-2.7998057177871805,-8.4,1.3207334491172844,-10.996445382944312,-0.10145151965155724,strong_>=0.50,strong_>=0.50,strong_both_>=0.50
401426578,2022,5,2022-10-01T23:00:00+00:00,Western Kentucky,Troy,home,Western Kentucky,favorite,3-6.5,55-64.5,mid_5_9,-5.125,5.125,55.0,4,-7.0,-12.125,-12.125,False,13.906730306913836,1.4525586837492368,1.4525586837492368,1.6337873773988094,1.6337873773988094,elo_edge|efficiency_power_edge,0.33441783389674357,0.33441783389674357,2,structural+market,opposes,-0.12612036286737624,4.351438864868257,16.255,7.529481087048696,2.961442246125234,-0.06310709558074891,strong_>=0.50,moderate_0.25_0.50,moderate_both_>=0.25
401411125,2022,5,2022-10-01T23:30:00+00:00,Clemson,NC State,away,NC State,underdog,3-6.5,45-54.5,mid_5_9,-6.5,6.5,45.75,4,10.0,3.5,-3.5,False,-10.493591505926894,-1.096056163401212,1.096056163401212,-0.03582680074162156,0.03582680074162156,elo_edge|efficiency_power_edge,-0.04911510330430748,0.04911510330430748,2,structural+market,agrees,-0.3456904516327404,4.945613154409884,2.0,-5.70329492743231,-0.4349395489867671,-0.1729738154613466,weak_<0.25,weak_<0.25,weak_any_<0.25
401415236,2022,6,2022-10-08T02:30:00+00:00,San José State,UNLV,away,UNLV,underdog,3-6.5,45-54.5,mid_5_9,-6.5,6.5,51.5,4,33.0,26.5,-26.5,False,-14.114899307584299,-1.4743019463953062,1.4743019463953062,-1.0106925047047504,1.0106925047047504,elo_edge|efficiency_power_edge,-0.287676004718219,0.287676004718219,2,structural+market,agrees,-0.5470209457025887,-3.062362289726063,-2.24,-23.026417099318095,-2.547519262480791,-0.2737139532450117,strong_>=0.50,moderate_0.25_0.50,moderate_both_>=0.25
401405109,2022,6,2022-10-08T16:00:00+00:00,Maryland,Purdue,home,Maryland,favorite,3-6.5,55-64.5,mid_5_9,-3.0,3.0,59.5,4,-2.0,-5.0,-5.0,False,13.854015570906803,1.4470526269077881,1.4470526269077881,0.30945534501297245,0.30945534501297245,elo_edge|efficiency_power_edge,0.307462585507153,0.307462585507153,2,structural+market,agrees,1.515755272709829,2.8006468577238888,-1.26,11.623435153801895,2.7227396314782526,0.7584414657331002,moderate_0.25_0.50,moderate_0.25_0.50,moderate_both_>=0.25
401415632,2022,6,2022-10-08T19:30:00+00:00,Navy,Tulsa,home,Navy,underdog,3-6.5,45-54.5,mid_5_9,4.5,-4.5,45.75,4,32.0,36.5,36.5,True,12.49484522359979,1.3050872154052913,1.3050872154052913,0.018571080942676982,0.018571080942676982,elo_edge|efficiency_power_edge,0.14782319163877944,0.14782319163877944,2,structural+market,agrees,0.3951210013943423,0.3234971240463169,1.3200000000000003,-2.582459098495235,1.3090505358973044,0.1977074774766918,weak_<0.25,weak_<0.25,weak_any_<0.25
401426582,2022,6,2022-10-08T22:00:00+00:00,UTSA,Western Kentucky,away,Western Kentucky,underdog,3-6.5,65+,mid_5_9,-6.5,6.5,72.5,4,3.0,-3.5,3.5,True,-15.38736217801889,-1.607210757554126,1.607210757554126,-1.0984724940287083,1.0984724940287083,elo_edge|efficiency_power_edge,-0.709396456267681,0.709396456267681,2,structural+market,agrees,-0.2772840558947875,-2.143414287939967,-14.84,4.129282216859348,-6.282071175340807,-0.13874517183851576,strong_>=0.50,strong_>=0.50,strong_both_>=0.50
401415232,2022,6,2022-10-09T01:45:00+00:00,Boise State,Fresno State,away,Fresno State,underdog,7-13.5,45-54.5,mid_5_9,-10.125,10.125,45.125,4,20.0,9.875,-9.875,False,-11.521976663756913,-1.2034710451367252,1.2034710451367252,-0.5327875434899676,0.5327875434899676,elo_edge|efficiency_power_edge,-1.1740519724454739,1.1740519724454739,2,structural+market,agrees,-0.15549494639806602,-4.324353142276111,-3.825,-5.923982854396781,-10.396835210110911,-0.0778053140790993,strong_>=0.50,strong_>=0.50,strong_both_>=0.50
401405118,2022,8,2022-10-22T19:30:00+00:00,Maryland,Northwestern,home,Maryland,favorite,14+,45-54.5,mid_5_9,-14.25,14.25,51.125,4,7.0,-7.25,-7.25,False,9.666877892298263,1.0097058846550306,1.0097058846550306,0.2928229581211561,0.2928229581211561,elo_edge|efficiency_power_edge,0.47969530720912595,0.47969530720912595,2,structural+market,agrees,0.2964072058318015,8.616824033751318,1.25,5.2588094139027035,4.247949134422527,0.14831386022033693,moderate_0.25_0.50,moderate_0.25_0.50,moderate_both_>=0.25
401415647,2022,9,2022-10-29T19:30:00+00:00,Tulsa,SMU,away,SMU,favorite,<3,55-64.5,mid_5_9,1.125,-1.125,63.5,4,-11.0,-9.875,9.875,True,-10.967599629769104,-1.1455663359046928,1.1455663359046928,-0.19156809822052312,0.19156809822052312,elo_edge|efficiency_power_edge,-0.41429566834472675,0.41429566834472675,2,structural+market,agrees,-0.5240020142362588,1.1494022750684507,-4.175,4.449878325280618,-3.66880163155889,-0.26219592494897864,weak_<0.25,moderate_0.25_0.50,weak_any_<0.25
401416649,2022,13,2022-11-23T00:00:00+00:00,Ohio,Bowling Green,home,Ohio,favorite,3-6.5,45-54.5,late_10_plus,-5.5,5.5,52.5,4,24.0,18.5,18.5,True,9.591655749107852,1.001848927995194,1.001848927995194,1.1293660170309197,1.1293660170309197,elo_edge|efficiency_power_edge,0.17737951553559259,0.17737951553559259,2,structural+market,opposes,-0.4499711260769062,9.227570303645921,9.8,8.580598573327045,1.5707870145063048,-0.2251529429214628,strong_>=0.50,weak_<0.25,weak_any_<0.25
401403964,2022,13,2022-11-27T00:30:00+00:00,Vanderbilt,Tennessee,away,Tennessee,favorite,14+,55-64.5,late_10_plus,14.0,-14.0,63.875,4,-56.0,-42.0,42.0,True,-11.67414332397692,-1.2193648604909932,1.2193648604909932,-0.5511408238485431,0.5511408238485431,elo_edge|efficiency_power_edge,-1.5092519521185042,1.5092519521185042,2,structural+market,agrees,-0.9165797482462058,-5.404784048408917,-5.379999999999999,-2.7831248880914856,-13.365203760128296,-0.458630822690999,strong_>=0.50,strong_>=0.50,strong_both_>=0.50
401437031,2022,14,2022-12-04T01:00:00+00:00,Michigan,Purdue,home,Michigan,favorite,14+,45-54.5,late_10_plus,-15.625,15.625,53.75,4,21.0,5.375,5.375,True,10.295714959608596,1.075387948132663,1.075387948132663,0.15399173745253975,0.15399173745253975,elo_edge|efficiency_power_edge,0.5277377891174937,0.5277377891174937,2,structural+market,agrees,0.12608396786061274,4.87881488630136,7.754999999999999,-13.915497747569653,4.67339006822176,0.06308888453918299,weak_<0.25,strong_>=0.50,weak_any_<0.25
401520268,2023,4,2023-09-23T16:00:00+00:00,Syracuse,Army,away,Army,underdog,7-13.5,45-54.5,early_1_4,-13.0,13.0,50.166666666666664,3,13.0,0.0,-0.0,False,-12.75359214529897,-1.3624144076663365,1.3624144076663365,-0.23560071800253923,0.23560071800253923,football_lab_edge|elo_edge|efficiency_power_edge,-0.7583304864311983,0.7583304864311983,2,structural+market,opposes,0.02766793259154899,4.041822001077122,-6.74,-7.989016174106613,-6.171389281623024,0.01271180679938537,weak_<0.25,strong_>=0.50,weak_any_<0.25
401520270,2023,4,2023-09-23T16:00:00+00:00,Texas A&M,Auburn,away,Auburn,underdog,7-13.5,45-54.5,early_1_4,-9.0,9.0,51.166666666666664,3,17.0,8.0,-8.0,False,-19.287983743241597,-2.0604569008671567,2.0604569008671567,-0.18577928553121406,0.18577928553121406,football_lab_edge|elo_edge|efficiency_power_edge,-0.6610442341377041,0.6610442341377041,2,structural+market,agrees,-0.501975652833659,1.6992852823159392,-4.46,-3.2044411135870297,-5.379661472447287,-0.2306286346369754,weak_<0.25,strong_>=0.50,weak_any_<0.25
401531871,2023,4,2023-09-23T18:00:00+00:00,Ball State,Georgia Southern,home,Ball State,underdog,3-6.5,55-64.5,early_1_4,6.0,-6.0,60.833333333333336,3,-37.0,-31.0,-31.0,False,25.36841072884375,2.710004199821758,2.710004199821758,0.06609903856191023,0.06609903856191023,football_lab_edge|elo_edge|efficiency_power_edge,0.36727502751838015,0.36727502751838015,2,structural+market,opposes,-0.5661979932219132,0.5786711221312473,2.42,-4.952797229169901,2.9889305636407064,-0.26013506705719935,weak_<0.25,moderate_0.25_0.50,weak_any_<0.25
401525506,2023,4,2023-09-23T19:30:00+00:00,Louisville,Boston College,home,Louisville,favorite,7-13.5,45-54.5,early_1_4,-13.833333333333334,13.833333333333334,53.5,3,28.0,14.166666666666666,14.166666666666666,True,14.926611879654361,1.5945492729262651,1.5945492729262651,0.6207942751695388,0.6207942751695388,football_lab_edge|elo_edge|efficiency_power_edge,1.1425755681502952,1.1425755681502952,2,structural+market,agrees,0.01860943240075832,3.2084886677437954,1.0266666666666655,13.274012857056809,9.298424289799163,0.008549952496158595,strong_>=0.50,strong_>=0.50,strong_both_>=0.50
401532405,2023,4,2023-09-23T19:30:00+00:00,Bowling Green,Ohio,home,Bowling Green,underdog,7-13.5,<45,early_1_4,13.0,-13.0,44.833333333333336,3,-31.0,-18.0,-18.0,False,21.193400268089537,2.2640048030176296,2.2640048030176296,0.46875687935360055,0.46875687935360055,football_lab_edge|elo_edge|efficiency_power_edge,0.9955640301126386,0.9955640301126386,2,structural+market,agrees,0.19313565364144383,3.878858036187225,6.26,-8.178673754369978,8.102025824546608,0.0887346066439724,moderate_0.25_0.50,strong_>=0.50,moderate_both_>=0.25
401531423,2023,4,2023-09-23T20:00:00+00:00,South Florida,Rice,home,South Florida,underdog,<3,55-64.5,early_1_4,2.5,-2.5,57.333333333333336,3,13.0,15.5,15.5,True,26.342360124651883,2.814047254834775,2.814047254834775,1.01869492094597,1.01869492094597,football_lab_edge|elo_edge|efficiency_power_edge,0.34476165098763034,0.34476165098763034,2,structural+market,opposes,-0.1518321566180064,5.138978202223593,8.2,6.5797979952550865,2.8057138618186857,-0.06975805056904194,strong_>=0.50,moderate_0.25_0.50,moderate_both_>=0.25
401520283,2023,5,2023-09-30T19:30:00+00:00,Maryland,Indiana,home,Maryland,favorite,14+,45-54.5,mid_5_9,-14.166666666666666,14.166666666666666,50.0,3,27.0,12.833333333333334,12.833333333333334,True,18.38797761857885,1.964312904943589,1.964312904943589,0.04518157445876314,0.04518157445876314,football_lab_edge|elo_edge|efficiency_power_edge,0.07248874924268116,0.07248874924268116,2,structural+market,opposes,-0.20923828910395828,3.6679724242556073,-0.06666666666666643,-10.575007815909084,0.5899225972304745,-0.09613283165710321,weak_<0.25,weak_<0.25,weak_any_<0.25
401520286,2023,5,2023-09-30T19:30:00+00:00,Nebraska,Michigan,away,Michigan,favorite,14+,<45,mid_5_9,17.166666666666668,-17.166666666666668,39.5,3,-38.0,-20.833333333333332,20.833333333333332,True,-15.246756972525315,-1.628749071861488,1.628749071861488,-0.1541476204139967,0.1541476204139967,football_lab_edge|elo_edge|efficiency_power_edge,-0.4944165191540686,0.4944165191540686,2,structural+market,agrees,-0.6000536219507969,-3.8467316448233397,0.8666666666666671,4.5625772671060325,-4.023624081532446,-0.2756897605656237,weak_<0.25,moderate_0.25_0.50,weak_any_<0.25
401531878,2023,5,2023-09-30T23:00:00+00:00,Georgia Southern,Coastal Carolina,away,Coastal Carolina,underdog,3-6.5,55-64.5,mid_5_9,-6.166666666666667,6.166666666666667,64.66666666666667,3,10.0,3.833333333333333,-3.833333333333333,False,-11.610747685423027,-1.2403289794891021,1.2403289794891021,-0.29837786149634254,0.29837786149634254,football_lab_edge|elo_edge|efficiency_power_edge,-0.41603579915824235,0.41603579915824235,2,structural+market,agrees,-0.32909988840511584,-3.6598246460839334,0.6533333333333333,-1.8070169085522343,-3.3857518821110872,-0.15120226945987753,moderate_0.25_0.50,moderate_0.25_0.50,moderate_both_>=0.25
401520281,2023,5,2023-09-30T23:30:00+00:00,Iowa,Michigan State,away,Michigan State,underdog,7-13.5,<45,mid_5_9,-11.5,11.5,36.5,3,10.0,-1.5,1.5,True,-12.975224902161992,-1.386090534181978,1.386090534181978,-0.4653158686586835,0.4653158686586835,football_lab_edge|elo_edge|efficiency_power_edge,-0.034119106680862994,0.034119106680862994,2,structural+market,agrees,-0.4815138393318218,-2.2542127157335017,-2.16,-7.133435974372901,-0.2776655996777393,-0.2212276206963871,moderate_0.25_0.50,weak_<0.25,weak_any_<0.25
401520310,2023,6,2023-10-07T19:30:00+00:00,Texas A&M,Alabama,away,Alabama,favorite,<3,45-54.5,mid_5_9,2.0,-2.0,45.5,3,-6.0,-4.0,4.0,True,-10.328925316749338,-1.1033971062369263,1.1033971062369263,-0.3594455874930165,0.3594455874930165,football_lab_edge|elo_edge|efficiency_power_edge,-0.43627170935788623,0.43627170935788623,2,structural+market,agrees,-0.9922605883006831,-2.099967061460167,-5.18,4.158449663760953,-3.5504342752688345,-0.4558860641786964,moderate_0.25_0.50,moderate_0.25_0.50,moderate_both_>=0.25
401525858,2023,6,2023-10-08T00:00:00+00:00,Baylor,Texas Tech,away,Texas Tech,favorite,<3,55-64.5,mid_5_9,2.1666666666666665,-2.1666666666666665,59.5,3,-25.0,-22.833333333333332,22.833333333333332,True,-11.581623359087493,-1.2372177460921856,1.2372177460921856,-0.42841941495552077,0.42841941495552077,football_lab_edge|elo_edge|efficiency_power_edge,-0.20171705850589133,0.20171705850589133,2,structural+market,agrees,-1.148777374316563,-5.633113480737528,0.7066666666666666,-0.7307542742711894,-1.6415989005563039,-0.5277964296572621,moderate_0.25_0.50,weak_<0.25,weak_any_<0.25
401531371,2023,7,2023-10-13T23:00:00+00:00,Memphis,Tulane,home,Memphis,underdog,3-6.5,55-64.5,mid_5_9,4.333333333333333,-4.333333333333333,55.5,3,-10.0,-5.666666666666667,-5.666666666666667,False,10.811862511950764,1.154987323741484,1.154987323741484,0.455671831365333,0.455671831365333,football_lab_edge|elo_edge|efficiency_power_edge,0.16890834169051258,0.16890834169051258,2,structural+market,opposes,-0.9316230954718654,1.6868642699226024,3.753333333333333,4.854740813873907,1.37459741911632,-0.4280266608391608,moderate_0.25_0.50,weak_<0.25,weak_any_<0.25
401525523,2023,7,2023-10-15T00:00:00+00:00,Duke,NC State,home,Duke,favorite,3-6.5,<45,mid_5_9,-3.6666666666666665,3.6666666666666665,43.0,3,21.0,17.333333333333332,17.333333333333332,True,15.185483406882293,1.6222034659106257,1.6222034659106257,0.8697392864589432,0.8697392864589432,football_lab_edge|elo_edge|efficiency_power_edge,0.42974076140387424,0.42974076140387424,2,structural+market,opposes,-0.6978418529232213,3.9934864379095356,4.393333333333333,13.239740527523109,3.4972845959094987,-0.3206177686580975,strong_>=0.50,moderate_0.25_0.50,moderate_both_>=0.25
401525529,2023,8,2023-10-22T00:00:00+00:00,Miami,Clemson,home,Miami,underdog,3-6.5,45-54.5,mid_5_9,5.166666666666667,-5.166666666666667,46.0,3,8.0,13.166666666666668,13.166666666666668,True,9.621363080094916,1.0278111086171158,1.0278111086171158,0.6145645479290387,0.6145645479290387,football_lab_edge|elo_edge|efficiency_power_edge,0.14911617563728582,0.14911617563728582,2,structural+market,opposes,-0.9316230954718654,4.105831782946238,0.2666666666666666,11.72478408887479,1.2135262718704567,-0.4280266608391608,strong_>=0.50,weak_<0.25,weak_any_<0.25
401531897,2023,8,2023-10-22T00:00:00+00:00,Louisiana,Georgia State,away,Georgia State,underdog,3-6.5,55-64.5,mid_5_9,-3.1666666666666665,3.1666666666666665,62.0,3,-3.0,-6.166666666666666,6.166666666666666,True,-15.973928961503008,-1.706429899611635,1.706429899611635,-0.48301730305011875,0.48301730305011875,football_lab_edge|elo_edge|efficiency_power_edge,-0.2695223414966636,0.2695223414966636,2,structural+market,agrees,-0.8325632537632354,-2.1133226441333695,-0.2666666666666666,-12.930453963175044,-2.1934068578704835,-0.38251442152705456,moderate_0.25_0.50,moderate_0.25_0.50,moderate_both_>=0.25
401531899,2023,9,2023-10-28T22:00:00+00:00,Coastal Carolina,Marshall,home,Coastal Carolina,underdog,3-6.5,45-54.5,mid_5_9,3.6666666666666665,-3.6666666666666665,46.333333333333336,3,28.0,31.666666666666668,31.666666666666668,True,10.495920403559454,1.1212365125537933,1.1212365125537933,1.095298208153906,1.095298208153906,football_lab_edge|elo_edge|efficiency_power_edge,0.4361327028528934,0.4361327028528934,2,structural+market,opposes,-0.3232088768231356,7.23059814037627,2.0866666666666664,17.329394179362836,3.5493030227735987,-0.14849569205893548,strong_>=0.50,moderate_0.25_0.50,moderate_both_>=0.25
401532435,2023,10,2023-11-01T23:00:00+00:00,Bowling Green,Ball State,home,Bowling Green,favorite,3-6.5,<45,late_10_plus,-5.166666666666667,5.166666666666667,39.5,3,3.0,-2.166666666666667,-2.166666666666667,False,13.671687776692302,1.4604908320631178,1.4604908320631178,0.10078617564113039,0.10078617564113039,football_lab_edge|elo_edge|efficiency_power_edge,0.055284227161666685,0.055284227161666685,2,structural+market,agrees,0.4418984466144775,1.172124621500954,1.8933333333333326,-4.2420223985064975,0.4499100234700597,0.20302665042734447,weak_<0.25,weak_<0.25,weak_any_<0.25
401525539,2023,10,2023-11-02T23:30:00+00:00,Duke,Wake Forest,home,Duke,favorite,3-6.5,<45,late_10_plus,-6.666666666666667,6.666666666666667,40.833333333333336,3,3.0,-3.666666666666667,-3.666666666666667,False,15.54810803325977,1.6609411807381618,1.6609411807381618,0.29064669990183084,0.29064669990183084,football_lab_edge|elo_edge|efficiency_power_edge,0.6771802660081159,0.6771802660081159,2,structural+market,opposes,-0.10545613549712064,2.0505758910363996,1.673333333333333,1.4549896653113832,5.510978537915183,-0.04845096451690296,moderate_0.25_0.50,strong_>=0.50,moderate_both_>=0.25
401520371,2023,10,2023-11-04T23:30:00+00:00,Mississippi State,Kentucky,home,Mississippi State,underdog,3-6.5,45-54.5,late_10_plus,5.333333333333333,-5.333333333333333,45.0,3,-21.0,-15.666666666666668,-15.666666666666668,False,9.495988535602795,1.0144178556555465,1.0144178556555465,0.6817462082275033,0.6817462082275033,football_lab_edge|elo_edge|efficiency_power_edge,0.06500267326389092,0.06500267326389092,2,structural+market,opposes,-0.32156118167858205,3.347545178126893,4.673333333333333,6.675147986094823,0.5289999653653856,-0.1477386719139519,strong_>=0.50,weak_<0.25,weak_any_<0.25
401531393,2023,11,2023-11-11T17:00:00+00:00,South Florida,Temple,home,South Florida,favorite,7-13.5,65+,late_10_plus,-7.333333333333333,7.333333333333333,68.83333333333333,3,4.0,-3.333333333333333,-3.333333333333333,False,16.132285775245933,1.7233465143298672,1.7233465143298672,0.2765041972115078,0.2765041972115078,football_lab_edge|elo_edge|efficiency_power_edge,0.38474497634755134,0.38474497634755134,2,structural+market,agrees,0.5398124165342704,2.837407222419171,2.166666666666667,-3.062303442531735,3.131103213803086,0.24801242825743117,moderate_0.25_0.50,moderate_0.25_0.50,moderate_both_>=0.25
401525549,2023,11,2023-11-12T01:00:00+00:00,North Carolina,Duke,away,Duke,underdog,7-13.5,45-54.5,late_10_plus,-10.0,10.0,53.0,3,2.0,-8.0,8.0,True,-14.148593044931449,-1.511436683329068,1.511436683329068,-0.3883663958101655,0.3883663958101655,football_lab_edge|elo_edge|efficiency_power_edge,-0.13992090641215307,0.13992090641215307,2,structural+market,agrees,-1.0019492183536542,-2.868391621987233,-4.7,4.414223144855741,-1.138694009482215,-0.4603374265266626,moderate_0.25_0.50,weak_<0.25,weak_any_<0.25
401539477,2023,14,2023-12-02T21:00:00+00:00,Tulane,SMU,away,SMU,underdog,3-6.5,45-54.5,late_10_plus,-3.0,3.0,48.5,3,-12.0,-15.0,15.0,True,-11.38812699811693,-1.2165473163799987,1.2165473163799987,-0.9143638859860341,0.9143638859860341,football_lab_edge|elo_edge|efficiency_power_edge,-0.4022090815837211,0.4022090815837211,2,structural+market,agrees,-0.6864479371202941,-5.117924336847301,-8.3,-1.9023601531971166,-3.273228308067528,-0.31538292662947714,strong_>=0.50,moderate_0.25_0.50,moderate_both_>=0.25
401628481,2024,3,2024-09-14T19:30:00+00:00,Minnesota,Nevada,away,Nevada,underdog,14+,<45,early_1_4,-16.833333333333332,16.833333333333332,44.0,3,27.0,10.166666666666668,-10.166666666666668,False,-15.51499228546991,-1.6736606743443447,1.6736606743443447,-0.5952294558729103,0.5952294558729103,football_lab_edge|elo_edge|efficiency_power_edge,-0.19748105594691956,0.19748105594691956,2,structural+market,agrees,-0.617306486667287,-1.1818308003985507,-5.573333333333332,-7.77386852455564,-1.5044568843254105,-0.2569209518903382,strong_>=0.50,weak_<0.25,weak_any_<0.25
401628484,2024,3,2024-09-14T19:30:00+00:00,Washington,Washington State,home,Washington,favorite,3-6.5,45-54.5,early_1_4,-5.166666666666667,5.166666666666667,54.833333333333336,3,-5.0,-10.166666666666668,-10.166666666666668,False,22.21367891745783,2.396273240269626,2.396273240269626,0.9780159892525528,0.9780159892525528,football_lab_edge|elo_edge|efficiency_power_edge,1.2773859140310324,1.2773859140310324,2,structural+market,agrees,1.0013995332636478,7.006649714034066,4.453333333333334,6.245445522613536,9.731424733827847,0.4167792285767842,strong_>=0.50,strong_>=0.50,strong_both_>=0.50
401628361,2024,3,2024-09-14T23:00:00+00:00,Texas,UTSA,away,UTSA,underdog,14+,55-64.5,early_1_4,-35.5,35.5,55.5,3,49.0,13.5,-13.5,False,-10.591982698098363,-1.1425970815174027,1.1425970815174027,-1.4439573057299908,1.4439573057299908,football_lab_edge|elo_edge|efficiency_power_edge,-1.2236392061369374,1.2236392061369374,2,structural+market,agrees,-0.6442077573227146,-1.9224611440128285,-12.04,-25.535693773802635,-9.321969739203794,-0.2681171732376399,strong_>=0.50,strong_>=0.50,strong_both_>=0.50
401643790,2024,4,2024-09-19T23:30:00+00:00,App State,South Alabama,away,South Alabama,underdog,7-13.5,55-64.5,early_1_4,-7.666666666666667,7.666666666666667,62.5,3,-34.0,-41.666666666666664,41.666666666666664,True,-18.14383990336209,-1.957244371709792,1.957244371709792,-1.2576447308499545,1.2576447308499545,football_lab_edge|elo_edge|efficiency_power_edge,-0.21954704101268713,0.21954704101268713,2,structural+market,agrees,-0.32201501214209044,-4.991474009374286,-10.326666666666668,-11.200724242033473,-1.6725607208298028,-0.13402160066254967,strong_>=0.50,weak_<0.25,weak_any_<0.25
401636876,2024,4,2024-09-21T20:00:00+00:00,Oklahoma State,Utah,home,Oklahoma State,underdog,<3,45-54.5,early_1_4,0.8333333333333334,-0.8333333333333334,53.5,3,-3.0,-2.1666666666666665,-2.1666666666666665,False,16.024049541188297,1.728574598515833,1.728574598515833,0.3046340758789596,0.3046340758789596,football_lab_edge|elo_edge|efficiency_power_edge,0.2700307953623285,0.2700307953623285,2,structural+market,opposes,-0.0009172614118287215,0.29789261933274547,1.8933333333333335,7.255614783509728,2.0571577719936642,-0.0003817612161045175,moderate_0.25_0.50,moderate_0.25_0.50,moderate_both_>=0.25
401636874,2024,4,2024-09-22T00:00:00+00:00,Colorado,Baylor,away,Baylor,underdog,<3,45-54.5,early_1_4,-2.3333333333333335,2.3333333333333335,52.833333333333336,3,7.0,4.666666666666666,-4.666666666666666,False,-14.770408733445533,-1.5933396411876672,1.5933396411876672,-0.14883105023308257,0.14883105023308257,football_lab_edge|elo_edge|efficiency_power_edge,-0.7506159468339891,0.7506159468339891,2,structural+market,agrees,-0.8384051270363316,2.749834352428772,-6.153333333333334,-1.3960396727338467,-5.7183678874107535,-0.3489414868630914,weak_<0.25,strong_>=0.50,weak_any_<0.25
401628375,2024,5,2024-09-28T19:30:00+00:00,Auburn,Oklahoma,away,Oklahoma,underdog,<3,<45,mid_5_9,-1.8333333333333333,1.8333333333333333,43.166666666666664,3,-6.0,-7.833333333333333,7.833333333333333,True,-17.763612760004623,-1.9162278371574897,1.9162278371574897,-0.9223141371535194,0.9223141371535194,football_lab_edge|elo_edge|efficiency_power_edge,-0.7278001101640698,0.7278001101640698,2,structural+market,agrees,-0.18782772658336414,-2.770103218745538,-11.333333333333334,-2.5692246189188257,-5.544551505960319,-0.07817328887263963,strong_>=0.50,strong_>=0.50,strong_both_>=0.50
401628502,2024,5,2024-09-28T19:30:00+00:00,USC,Wisconsin,home,USC,favorite,7-13.5,45-54.5,mid_5_9,-13.666666666666666,13.666666666666666,50.0,3,17.0,3.333333333333334,3.333333333333334,True,12.015509390831886,1.2961582693459537,1.2961582693459537,0.21958479514304932,0.21958479514304932,football_lab_edge|elo_edge|efficiency_power_edge,0.3070296504486814,0.3070296504486814,2,structural+market,agrees,0.21211819010723104,7.202115094619186,-2.5266666666666655,-9.793502409064018,2.3390237058166203,0.08828290078373724,weak_<0.25,moderate_0.25_0.50,weak_any_<0.25
401643794,2024,5,2024-09-28T19:30:00+00:00,Marshall,Western Michigan,home,Marshall,favorite,3-6.5,45-54.5,mid_5_9,-3.5,3.5,53.166666666666664,3,7.0,3.5,3.5,True,11.705603335404192,1.262727535500455,1.262727535500455,0.6472482793769355,0.6472482793769355,football_lab_edge|elo_edge|efficiency_power_edge,0.17822606397494112,0.17822606397494112,2,structural+market,opposes,-0.5627374924792631,5.596459399878313,4.52,-2.8097335861678765,1.3577678508332065,-0.23420951400123363,strong_>=0.50,weak_<0.25,weak_any_<0.25
401640981,2024,5,2024-09-28T22:00:00+00:00,Florida International,Louisiana Tech,home,Florida International,underdog,<3,45-54.5,mid_5_9,2.0,-2.0,49.0,3,7.0,9.0,9.0,True,25.30119136000578,2.729334840402084,2.729334840402084,0.2118269419942387,0.2118269419942387,football_lab_edge|elo_edge|efficiency_power_edge,0.06187516112049991,0.06187516112049991,2,structural+market,agrees,0.11729426310821153,2.668546800234277,4.58,-10.97968288367357,0.47137945293092365,0.04881749079251082,weak_<0.25,weak_<0.25,weak_any_<0.25
401645336,2024,5,2024-09-28T23:00:00+00:00,North Texas,Tulsa,home,North Texas,favorite,7-13.5,65+,mid_5_9,-7.166666666666667,7.166666666666667,65.5,3,32.0,24.833333333333332,24.833333333333332,True,13.352482502355869,1.4403825962577421,1.4403825962577421,0.8040579503006708,0.8040579503006708,football_lab_edge|elo_edge|efficiency_power_edge,0.14232962671395016,0.14232962671395016,2,structural+market,agrees,0.5027937522924371,6.745742790151096,3.7333333333333334,1.578101142509408,1.0843003939113194,0.20926112430940924,strong_>=0.50,weak_<0.25,weak_any_<0.25
401645340,2024,6,2024-10-05T19:30:00+00:00,Charlotte,East Carolina,home,Charlotte,underdog,7-13.5,45-54.5,mid_5_9,9.166666666666666,-9.166666666666666,47.5,3,31.0,40.166666666666664,40.166666666666664,True,14.434093079458481,1.5570600044409784,1.5570600044409784,0.23811562776434295,0.23811562776434295,football_lab_edge|elo_edge|efficiency_power_edge,0.25971118490102885,0.25971118490102885,2,structural+market,opposes,-0.7694761967169809,1.5410772577274505,-0.13333333333333464,4.9073362013454656,1.978540565256468,-0.32025349026347805,weak_<0.25,moderate_0.25_0.50,weak_any_<0.25
401628380,2024,6,2024-10-05T23:45:00+00:00,Florida,UCF,home,Florida,underdog,<3,55-64.5,mid_5_9,1.1666666666666667,-1.1666666666666667,61.5,3,11.0,12.166666666666666,12.166666666666666,True,10.677447935016533,1.1518165386348531,1.1518165386348531,0.26543158114438814,0.26543158114438814,football_lab_edge|elo_edge|efficiency_power_edge,0.6245983901459748,0.6245983901459748,2,structural+market,agrees,0.1368443962217319,2.2365426383125655,3.0666666666666664,-3.760271174484153,4.75833665911861,0.0569541926052939,moderate_0.25_0.50,strong_>=0.50,moderate_both_>=0.25
401635570,2024,6,2024-10-06T00:00:00+00:00,Georgia Tech,Duke,away,Duke,underdog,7-13.5,45-54.5,mid_5_9,-10.0,10.0,52.166666666666664,3,10.0,0.0,-0.0,False,-9.773825206253106,-1.0543393502645162,1.0543393502645162,-1.082642446089726,1.082642446089726,football_lab_edge|elo_edge|efficiency_power_edge,-0.2118349071640638,0.2118349071640638,2,structural+market,opposes,0.7736164409868704,-3.4452920190619505,-10.54,-8.749606974520601,-1.6138078809395857,0.3219766464619838,strong_>=0.50,weak_<0.25,weak_any_<0.25
401643803,2024,7,2024-10-10T23:30:00+00:00,James Madison,Coastal Carolina,home,James Madison,favorite,3-6.5,55-64.5,mid_5_9,-6.833333333333333,6.833333333333333,58.833333333333336,3,32.0,25.166666666666668,25.166666666666668,True,16.730311749757806,1.8047617639690428,1.8047617639690428,0.7905911599893889,0.7905911599893889,football_lab_edge|elo_edge|efficiency_power_edge,0.5556191681812435,0.5556191681812435,2,structural+market,opposes,-0.2968048016252122,4.269771923603083,10.346666666666668,-5.780760595319417,4.232836808701847,-0.123529193044544,strong_>=0.50,strong_>=0.50,strong_both_>=0.50
401643729,2024,7,2024-10-12T19:30:00+00:00,Colorado State,San José State,away,San José State,underdog,<3,55-64.5,mid_5_9,-2.5,2.5,55.166666666666664,3,7.0,4.5,-4.5,False,-16.38193314234366,-1.7671808509860591,1.7671808509860591,-1.8734953503682894,1.8734953503682894,football_lab_edge|elo_edge|efficiency_power_edge,-0.3813419443854331,0.3813419443854331,2,structural+market,agrees,-0.9966513589169158,-9.99181301846868,-13.92,-11.282298536527337,-2.905152146172995,-0.4148030538576593,strong_>=0.50,moderate_0.25_0.50,moderate_both_>=0.25
401628395,2024,8,2024-10-19T16:00:00+00:00,Missouri,Auburn,home,Missouri,favorite,3-6.5,45-54.5,mid_5_9,-3.8333333333333335,3.8333333333333335,49.5,3,4.0,0.16666666666666652,0.16666666666666652,True,11.542308582566587,1.2451123152591257,1.2451123152591257,0.34245899677448266,0.34245899677448266,football_lab_edge|elo_edge|efficiency_power_edge,0.17515859211110932,0.17515859211110932,2,structural+market,agrees,0.21933733518416787,0.5809524000760704,6.1466666666666665,-1.9959047062036301,1.3343991325483668,0.09128748548365588,moderate_0.25_0.50,weak_<0.25,weak_any_<0.25
401643811,2024,8,2024-10-19T16:00:00+00:00,Coastal Carolina,Louisiana,home,Coastal Carolina,underdog,3-6.5,55-64.5,mid_5_9,6.333333333333333,-6.333333333333333,56.833333333333336,3,-10.0,-3.666666666666667,-3.666666666666667,False,11.321940625434712,1.221340393433381,1.221340393433381,0.3223196306873955,0.3223196306873955,football_lab_edge|elo_edge|efficiency_power_edge,0.33957808599082184,0.33957808599082184,2,structural+market,opposes,-0.2622777358326845,-0.8909269041942611,4.273333333333333,6.568366720671788,2.586985302388987,-0.10915914056495994,moderate_0.25_0.50,moderate_0.25_0.50,moderate_both_>=0.25
401628398,2024,8,2024-10-19T23:30:00+00:00,Texas,Georgia,home,Texas,favorite,3-6.5,55-64.5,mid_5_9,-4.166666666666667,4.166666666666667,56.833333333333336,3,-15.0,-19.166666666666668,-19.166666666666668,False,11.124648365229461,1.2000577339784178,1.2000577339784178,0.30731950205842534,0.30731950205842534,football_lab_edge|elo_edge|efficiency_power_edge,0.04481005151479617,0.04481005151479617,2,structural+market,agrees,0.1706595288641928,1.8529357523892234,3.493333333333333,-1.6873558865270057,0.3413734556216452,0.07102794082346486,moderate_0.25_0.50,weak_<0.25,weak_any_<0.25
401628393,2024,8,2024-10-19T23:45:00+00:00,Florida,Kentucky,home,Florida,underdog,<3,<45,mid_5_9,2.5,-2.5,42.166666666666664,3,28.0,30.5,30.5,True,9.676115946668293,1.043799084289679,1.043799084289679,0.8959093861769699,0.8959093861769699,football_lab_edge|elo_edge|efficiency_power_edge,0.8727904804126291,0.8727904804126291,2,structural+market,agrees,0.059329395632117234,8.252049638114805,1.12,6.267612095769202,6.649122066591544,0.02469270148638113,strong_>=0.50,strong_>=0.50,strong_both_>=0.50
401640993,2024,9,2024-10-23T23:00:00+00:00,Kennesaw State,Liberty,home,Kennesaw State,underdog,14+,45-54.5,mid_5_9,27.166666666666668,-27.166666666666668,47.833333333333336,3,3.0,30.166666666666668,30.166666666666668,True,10.978365340597026,1.1842776329544078,1.1842776329544078,1.9203184533441615,1.9203184533441615,football_lab_edge|elo_edge|efficiency_power_edge,0.6245771021767854,0.6245771021767854,2,structural+market,agrees,0.20101069363653593,8.170084067731533,16.62666666666667,13.227029167530993,4.758174482389066,0.08365999688104804,strong_>=0.50,strong_>=0.50,strong_both_>=0.50
401636911,2024,9,2024-10-26T19:30:00+00:00,UCF,BYU,away,BYU,underdog,<3,45-54.5,mid_5_9,-2.5,2.5,53.5,3,-13.0,-15.5,15.5,True,-12.063351728396633,-1.3013192025567173,1.3013192025567173,-0.8927293306335912,0.8927293306335912,football_lab_edge|elo_edge|efficiency_power_edge,-0.39260095487493163,0.39260095487493163,2,structural+market,agrees,-0.8562202262527866,-3.8380990568238262,-6.44,-8.998070622391865,-2.9909259220949296,-0.35635607321131385,strong_>=0.50,moderate_0.25_0.50,moderate_both_>=0.25
401628538,2024,10,2024-11-02T16:00:00+00:00,Purdue,Northwestern,away,Northwestern,underdog,3-6.5,<45,late_10_plus,-3.0,3.0,44.333333333333336,3,-6.0,-9.0,9.0,True,-19.293524808840452,-2.081265214181526,2.081265214181526,-1.282654484937612,1.282654484937612,football_lab_edge|elo_edge|efficiency_power_edge,-0.6178257766302025,0.6178257766302025,2,structural+market,agrees,-0.25054951151488253,-7.147403256705168,-11.5,-2.107047553318236,-4.706741304922116,-0.10427789175129384,strong_>=0.50,strong_>=0.50,strong_both_>=0.50
401643748,2024,10,2024-11-03T00:00:00+00:00,Nevada,Colorado State,home,Nevada,underdog,<3,45-54.5,late_10_plus,2.1666666666666665,-2.1666666666666665,45.333333333333336,3,-17.0,-14.833333333333334,-14.833333333333334,False,10.06050165872309,1.0852642193157822,1.0852642193157822,0.41103913459104335,0.41103913459104335,football_lab_edge|elo_edge|efficiency_power_edge,0.5016354093663572,0.5016354093663572,2,structural+market,opposes,-0.21523845359759486,2.032555124077705,0.38666666666666627,9.201722263589689,3.8215759047058295,-0.08958154429940958,moderate_0.25_0.50,strong_>=0.50,moderate_both_>=0.25
401628417,2024,11,2024-11-09T17:00:00+00:00,Texas,Florida,away,Florida,underdog,14+,45-54.5,late_10_plus,-23.166666666666668,23.166666666666668,48.666666666666664,3,32.0,8.833333333333332,-8.833333333333332,False,-11.555774401271147,-1.2465649238585368,1.2465649238585368,-1.1328734132938016,1.1328734132938016,football_lab_edge|elo_edge|efficiency_power_edge,-0.6373754890875499,0.6373754890875499,2,structural+market,agrees,-0.907962725272006,-5.776071057614864,-3.786666666666669,-18.460606763887316,-4.8556755880208655,-0.3778911330046637,strong_>=0.50,strong_>=0.50,strong_both_>=0.50
401628414,2024,11,2024-11-09T20:30:00+00:00,Ole Miss,Georgia,home,Ole Miss,underdog,<3,55-64.5,late_10_plus,2.0,-2.0,55.0,3,18.0,20.0,20.0,True,9.820759344348069,1.0594023125766119,1.0594023125766119,0.19592653986158523,0.19592653986158523,football_lab_edge|elo_edge|efficiency_power_edge,0.0415594913238842,0.0415594913238842,2,structural+market,agrees,0.02336198449904355,0.9294537241172578,0.6200000000000001,3.512565805205277,0.31660992762812423,0.009723181960951307,weak_<0.25,weak_<0.25,weak_any_<0.25
401628426,2024,12,2024-11-16T17:45:00+00:00,Auburn,UL Monroe,away,UL Monroe,underdog,14+,45-54.5,late_10_plus,-24.833333333333332,24.833333333333332,45.833333333333336,3,34.0,9.166666666666668,-9.166666666666668,False,-9.564115381449763,-1.031717161330159,1.031717161330159,-1.8293707061350986,1.8293707061350986,football_lab_edge|elo_edge|efficiency_power_edge,-0.048547390197095856,0.048547390197095856,2,structural+market,agrees,-0.342300873264195,-8.379172457575304,-9.133333333333333,-26.080644640990524,-0.36984537604297785,-0.14246451007946526,strong_>=0.50,weak_<0.25,weak_any_<0.25
401645375,2024,13,2024-11-23T20:30:00+00:00,South Florida,Tulsa,home,South Florida,favorite,14+,55-64.5,late_10_plus,-16.0,16.0,60.166666666666664,3,33.0,17.0,17.0,True,9.369141292923985,1.0106845717885364,1.0106845717885364,0.6780685704352769,0.6780685704352769,football_lab_edge|elo_edge|efficiency_power_edge,0.15918607892787748,0.15918607892787748,2,structural+market,opposes,-0.590086634985677,7.544309570696651,4.460000000000001,-8.089766290857169,1.2127167903952518,-0.24559213815616096,strong_>=0.50,weak_<0.25,weak_any_<0.25
401645379,2024,14,2024-11-29T17:00:00+00:00,East Carolina,Navy,away,Navy,underdog,<3,45-54.5,late_10_plus,-2.75,2.75,53.666666666666664,3,-14.0,-16.75,16.75,True,-10.056577350686087,-1.0848408894220447,1.0848408894220447,-0.7813771866211798,0.7813771866211798,football_lab_edge|elo_edge|efficiency_power_edge,-0.6206050156595765,0.6206050156595765,2,structural+market,agrees,-0.9516586933717491,-5.960968523411387,-2.61,-5.936222396407854,-4.727914198042818,-0.3960772528015979,strong_>=0.50,strong_>=0.50,strong_both_>=0.50
401645378,2024,14,2024-11-30T17:00:00+00:00,Army,UTSA,home,Army,favorite,3-6.5,45-54.5,late_10_plus,-6.333333333333333,6.333333333333333,53.166666666666664,3,5.0,-1.333333333333333,-1.333333333333333,False,10.780004210791958,1.1628796705084856,1.1628796705084856,0.5928262961312009,0.5928262961312009,football_lab_edge|elo_edge|efficiency_power_edge,0.9070026543633278,0.9070026543633278,2,structural+market,opposes,-0.008984980555534578,3.967113580779837,1.4466666666666672,7.650013575611493,6.909758411587096,-0.0037395196825273447,strong_>=0.50,strong_>=0.50,strong_both_>=0.50
401754623,2025,3,2025-09-13T16:00:00+00:00,Georgia Tech,Clemson,home,Georgia Tech,underdog,<3,45-54.5,early_1_4,2.8333333333333335,-2.8333333333333335,50.666666666666664,3,3.0,5.833333333333334,5.833333333333334,True,13.0490321877743,1.4180741672009252,1.4180741672009252,0.002193014787999631,0.002193014787999631,football_lab_edge|elo_edge|efficiency_power_edge,0.1973164068920679,0.1973164068920679,2,structural+market,opposes,-0.6158758612827552,-0.556607456730942,-0.22666666666666613,2.4344487162165485,1.439179951530035,-0.23753798033958826,weak_<0.25,weak_<0.25,weak_any_<0.25
401752829,2025,3,2025-09-13T23:00:00+00:00,Illinois,Western Michigan,away,Western Michigan,underdog,14+,45-54.5,early_1_4,-27.5,27.5,50.666666666666664,3,38.0,10.5,-10.5,False,-34.47664706570573,-3.7466719272396736,3.7466719272396736,-1.7543137898150283,1.7543137898150283,football_lab_edge|elo_edge|efficiency_power_edge,-0.09852261705693396,0.09852261705693396,2,structural+market,agrees,-0.16907685907684444,-8.830200711321325,-11.8,-15.467430070073403,-0.7186010401971821,-0.06521147872823664,strong_>=0.50,weak_<0.25,weak_any_<0.25
401754534,2025,3,2025-09-14T00:00:00+00:00,Tulane,Duke,home,Tulane,favorite,<3,45-54.5,early_1_4,-0.5,0.5,52.833333333333336,3,7.0,6.5,6.5,True,23.692709015882613,2.5747517611236894,2.5747517611236894,1.0125546546586948,1.0125546546586948,football_lab_edge|elo_edge|efficiency_power_edge,0.5744946572462012,0.5744946572462012,2,structural+market,agrees,0.25288845023473283,4.280333313173849,9.2,6.273209180838453,4.190230331034318,0.09753688283033365,strong_>=0.50,strong_>=0.50,strong_both_>=0.50
401752840,2025,3,2025-09-14T02:30:00+00:00,California,Minnesota,home,California,underdog,3-6.5,<45,early_1_4,3.1666666666666665,-3.1666666666666665,40.5,3,13.0,16.166666666666668,16.166666666666668,True,13.447259800654207,1.4613506556304787,1.4613506556304787,0.42093460335730176,0.42093460335730176,football_lab_edge|elo_edge|efficiency_power_edge,0.07491054319443195,0.07491054319443195,2,structural+market,opposes,-0.6158758612827552,3.7256916931674855,2.8266666666666667,-1.584944148508487,0.5463800685496119,-0.23753798033958826,moderate_0.25_0.50,weak_<0.25,weak_any_<0.25
401756889,2025,3,2025-09-14T02:30:00+00:00,Arizona State,Texas State,away,Texas State,underdog,14+,55-64.5,early_1_4,-18.5,18.5,61.5,3,19.0,0.5,-0.5,False,-46.15836025934355,-5.0161557839864095,5.0161557839864095,-2.142666270239405,2.142666270239405,football_lab_edge|elo_edge|efficiency_power_edge,-1.386068994509691,1.386068994509691,2,structural+market,opposes,0.42830661741854525,-11.540926925962648,-13.56,-18.303063408748418,-10.109664673890492,0.16519414911923697,strong_>=0.50,strong_>=0.50,strong_both_>=0.50
401752845,2025,4,2025-09-20T16:00:00+00:00,Wisconsin,Maryland,away,Maryland,underdog,7-13.5,<45,early_1_4,-10.5,10.5,44.5,3,-17.0,-27.5,27.5,True,-12.625969538040604,-1.3720987871066828,1.3720987871066828,-1.0995574962066412,1.0995574962066412,football_lab_edge|elo_edge|efficiency_power_edge,-0.14379581517656584,0.14379581517656584,2,structural+market,agrees,-0.5249366752616409,-7.0813790373658385,-5.4,-9.055548188646824,-1.0488132111042976,-0.20246352469167625,strong_>=0.50,weak_<0.25,weak_any_<0.25
401754537,2025,4,2025-09-20T16:00:00+00:00,Clemson,Syracuse,away,Syracuse,underdog,14+,45-54.5,early_1_4,-17.5,17.5,53.833333333333336,3,-13.0,-30.5,30.5,True,-10.000116200230186,-1.0867400929426827,1.0867400929426827,-0.8029935713744547,0.8029935713744547,football_lab_edge|elo_edge|efficiency_power_edge,-0.6064329246133978,0.6064329246133978,2,structural+market,agrees,-0.8598686138773257,-2.9153377629403927,-6.640000000000001,-8.02585736295313,-4.423180620396815,-0.331643869711671,strong_>=0.50,strong_>=0.50,strong_both_>=0.50
401752842,2025,4,2025-09-20T23:30:00+00:00,Washington State,Washington,home,Washington State,underdog,14+,45-54.5,early_1_4,20.833333333333332,-20.833333333333332,52.0,3,-35.0,-14.166666666666668,-14.166666666666668,False,18.806367815371978,2.0437396424574725,2.0437396424574725,1.5006994378980953,1.5006994378980953,football_lab_edge|elo_edge|efficiency_power_edge,0.5260138946112948,0.5260138946112948,2,structural+market,opposes,-0.22806730176431253,4.098611507980113,14.333333333333332,15.148866314659422,3.8366229310312896,-0.08796358105310131,strong_>=0.50,strong_>=0.50,strong_both_>=0.50
401754540,2025,4,2025-09-21T02:30:00+00:00,San Diego State,California,home,San Diego State,underdog,7-13.5,45-54.5,early_1_4,13.833333333333334,-13.833333333333334,46.666666666666664,3,34.0,47.833333333333336,47.833333333333336,True,18.028441019447982,1.9592002009572242,1.9592002009572242,1.4840418842883671,1.4840418842883671,football_lab_edge|elo_edge|efficiency_power_edge,0.3750594240658051,0.3750594240658051,2,structural+market,agrees,0.5666549300412285,12.485961069078591,4.213333333333335,9.436519536329058,2.7355961536597757,0.21855389388230437,strong_>=0.50,moderate_0.25_0.50,moderate_both_>=0.25
401761616,2025,5,2025-09-27T19:00:00+00:00,UL Monroe,Arkansas State,away,Arkansas State,underdog,<3,55-64.5,mid_5_9,-1.5,1.5,55.5,3,12.0,10.5,-10.5,False,-13.32346578141115,-1.4478976195572728,1.4478976195572728,-0.2671103491142545,0.2671103491142545,football_lab_edge|elo_edge|efficiency_power_edge,-0.07818058051201944,0.07818058051201944,2,structural+market,agrees,-0.7656063596731382,-0.6686325033912446,-3.2800000000000002,-1.2655243155313673,-0.5702309597266504,-0.29528773547500264,moderate_0.25_0.50,weak_<0.25,weak_any_<0.25
401752852,2025,5,2025-09-27T19:30:00+00:00,Washington,Ohio State,home,Washington,underdog,7-13.5,45-54.5,mid_5_9,9.333333333333334,-9.333333333333334,52.833333333333336,3,-18.0,-8.666666666666666,-8.666666666666666,False,17.663126350407126,1.9195004525305361,1.9195004525305361,0.4738955343830608,0.4738955343830608,football_lab_edge|elo_edge|efficiency_power_edge,0.3247390724098203,0.3247390724098203,2,structural+market,agrees,0.08345861438149244,4.717851427783336,-1.5266666666666655,7.03121100291204,2.368571219454237,0.03218926401958551,moderate_0.25_0.50,moderate_0.25_0.50,moderate_both_>=0.25
401762473,2025,5,2025-09-27T19:30:00+00:00,Navy,Rice,home,Navy,favorite,14+,45-54.5,mid_5_9,-14.166666666666666,14.166666666666666,45.666666666666664,3,8.0,-6.166666666666666,-6.166666666666666,False,18.58348260269642,2.019518094238562,2.019518094238562,0.22043523867530257,0.22043523867530257,football_lab_edge|elo_edge|efficiency_power_edge,0.44199864994860244,0.44199864994860244,2,structural+market,opposes,-0.3189486334075313,5.7286737374977275,-1.1866666666666656,-7.333236672618143,3.223835288858295,-0.12301572276902957,weak_<0.25,moderate_0.25_0.50,weak_any_<0.25
401752722,2025,5,2025-09-27T23:45:00+00:00,South Carolina,Kentucky,away,Kentucky,underdog,3-6.5,45-54.5,mid_5_9,-5.666666666666667,5.666666666666667,46.666666666666664,3,22.0,16.333333333333332,-16.333333333333332,False,-14.244037101900204,-1.5479386333172545,1.5479386333172545,-0.4176415502379891,0.4176415502379891,football_lab_edge|elo_edge|efficiency_power_edge,-0.6006485036693421,0.6006485036693421,2,structural+market,agrees,-0.5005491942883542,-5.379984110273785,0.07333333333333325,0.6878387440590759,-4.380990400206716,-0.19305748470839293,moderate_0.25_0.50,strong_>=0.50,moderate_both_>=0.25
401762476,2025,6,2025-10-04T16:00:00+00:00,UAB,Army,away,Army,favorite,3-6.5,55-64.5,mid_5_9,6.5,-6.5,55.5,3,-18.0,-11.5,11.5,True,-12.284826646893045,-1.3350258521717966,1.3350258521717966,-0.10739842155958083,0.10739842155958083,football_lab_edge|elo_edge|efficiency_power_edge,-0.32085448321799964,0.32085448321799964,2,structural+market,agrees,-0.46235510050663126,-2.881475132438906,-1.1999999999999993,7.852897395252199,-2.3402379299277527,-0.178326353861805,weak_<0.25,moderate_0.25_0.50,weak_any_<0.25
401754555,2025,6,2025-10-04T19:30:00+00:00,SMU,Syracuse,away,Syracuse,underdog,14+,55-64.5,mid_5_9,-17.5,17.5,56.666666666666664,3,13.0,-4.5,4.5,True,-10.507950206835602,-1.1419278092139318,1.1419278092139318,-0.14430709428764102,0.14430709428764102,football_lab_edge|elo_edge|efficiency_power_edge,-0.4581593656081596,0.4581593656081596,2,structural+market,agrees,-0.46235510050663126,2.2591691691104216,-4.4,-3.4527333198509407,-3.3417077878863886,-0.178326353861805,weak_<0.25,moderate_0.25_0.50,weak_any_<0.25
401761623,2025,7,2025-10-11T23:00:00+00:00,Coastal Carolina,UL Monroe,home,Coastal Carolina,underdog,<3,45-54.5,mid_5_9,2.8333333333333335,-2.8333333333333335,46.166666666666664,3,15.0,17.833333333333332,17.833333333333332,True,17.94906639961382,1.9505743430163052,1.9505743430163052,1.045560395085663,1.045560395085663,football_lab_edge|elo_edge|efficiency_power_edge,0.5330869718425287,0.5330869718425287,2,structural+market,opposes,-0.18640233312670254,4.890241945427811,8.573333333333334,6.999008661888446,3.8882123102783166,-0.07189376386546788,strong_>=0.50,strong_>=0.50,strong_both_>=0.50
401762485,2025,7,2025-10-11T23:30:00+00:00,UTSA,Rice,home,UTSA,favorite,7-13.5,45-54.5,mid_5_9,-9.166666666666666,9.166666666666666,48.5,3,48.0,38.833333333333336,38.833333333333336,True,13.368102250632306,1.4527483872622435,1.4527483872622435,0.38350843396327927,0.38350843396327927,football_lab_edge|elo_edge|efficiency_power_edge,0.5202902988008001,0.5202902988008001,2,structural+market,agrees,0.21847567751778527,4.600968160069128,1.2533333333333339,-2.468241066093535,3.794876355209894,0.08426417473613529,moderate_0.25_0.50,strong_>=0.50,moderate_both_>=0.25
401762839,2025,8,2025-10-18T16:00:00+00:00,Bowling Green,Central Michigan,home,Bowling Green,favorite,3-6.5,<45,mid_5_9,-3.1666666666666665,3.1666666666666665,43.833333333333336,3,-21.0,-24.166666666666668,-24.166666666666668,False,13.223432681026116,1.4370267477960752,1.4370267477960752,0.5158707604794422,0.5158707604794422,football_lab_edge|elo_edge|efficiency_power_edge,0.19715670975222233,0.19715670975222233,2,structural+market,opposes,-1.148906911119346,-3.5608402855436285,11.813333333333334,6.200096754301946,1.438015157757421,-0.4431234351303612,strong_>=0.50,weak_<0.25,weak_any_<0.25
401761629,2025,8,2025-10-18T19:30:00+00:00,App State,Coastal Carolina,away,Coastal Carolina,underdog,7-13.5,45-54.5,mid_5_9,-10.5,10.5,48.0,3,-8.0,-18.5,18.5,True,-13.886114203584278,-1.5090421689168496,1.5090421689168496,-0.05141300823749695,0.05141300823749695,football_lab_edge|elo_edge|efficiency_power_edge,-0.10305608927465308,0.10305608927465308,2,structural+market,opposes,0.6102312061149749,-1.3621871650991437,-1.8399999999999999,6.536161794317138,-0.7516671315036625,0.23536088577790945,weak_<0.25,weak_<0.25,weak_any_<0.25
401762838,2025,8,2025-10-18T19:30:00+00:00,Ball State,Akron,home,Ball State,underdog,<3,<45,mid_5_9,1.0,-1.0,44.0,3,14.0,15.0,15.0,True,10.769046765726724,1.1703018893741024,1.1703018893741024,0.6119308806183523,0.6119308806183523,football_lab_edge|elo_edge|efficiency_power_edge,0.5735253011856701,0.5735253011856701,2,structural+market,agrees,0.058778055219234064,3.4654223172563805,3.9,4.606522010770091,4.183160073521604,0.022670186319667336,strong_>=0.50,strong_>=0.50,strong_both_>=0.50
401752879,2025,8,2025-10-18T23:00:00+00:00,UCLA,Maryland,away,Maryland,underdog,3-6.5,45-54.5,mid_5_9,-4.0,4.0,52.5,3,3.0,-1.0,1.0,True,-12.700220868438896,-1.3801678831134172,1.3801678831134172,-0.06803036998107342,0.06803036998107342,football_lab_edge|elo_edge|efficiency_power_edge,-0.6979417336892609,0.6979417336892609,2,structural+market,agrees,-0.7440713363402739,2.414388133821479,-6.74,4.36343784006054,-5.09062457746426,-0.28698186367414963,weak_<0.25,strong_>=0.50,weak_any_<0.25
401760394,2025,8,2025-10-18T23:00:00+00:00,Colorado State,Hawai'i,home,Colorado State,favorite,<3,45-54.5,mid_5_9,-2.6666666666666665,2.6666666666666665,53.5,3,-12.0,-14.666666666666666,-14.666666666666666,False,9.364851517855913,1.0177041351454392,1.0177041351454392,0.14960692763671188,0.14960692763671188,football_lab_edge|elo_edge|efficiency_power_edge,0.15519237261716956,0.15519237261716956,2,structural+market,opposes,-0.45268141697604863,0.2072693557516212,1.7933333333333334,1.3590708117975736,1.1319370488191667,-0.17459529799039464,weak_<0.25,weak_<0.25,weak_any_<0.25
401752882,2025,9,2025-10-25T19:30:00+00:00,Iowa,Minnesota,home,Iowa,favorite,7-13.5,<45,mid_5_9,-7.333333333333333,7.333333333333333,39.166666666666664,3,38.0,30.666666666666668,30.666666666666668,True,15.086743324547466,1.6395178330371518,1.6395178330371518,0.7153867901635101,0.7153867901635101,football_lab_edge|elo_edge|efficiency_power_edge,0.820916359069955,0.820916359069955,2,structural+market,opposes,-0.14663183534032712,6.706643963510397,4.6866666666666665,-3.6685373962566157,5.987572875796192,-0.056554627660974764,strong_>=0.50,strong_>=0.50,strong_both_>=0.50
401754588,2025,11,2025-11-08T21:30:00+00:00,North Carolina,Stanford,away,Stanford,underdog,7-13.5,<45,late_10_plus,-8.5,8.5,41.666666666666664,3,5.0,-3.5,3.5,True,-12.72303821152219,-1.3826475064544412,1.3826475064544412,-0.882947218892484,0.882947218892484,football_lab_edge|elo_edge|efficiency_power_edge,-0.2469097045620274,0.2469097045620274,2,structural+market,agrees,-0.8521219833953537,-8.34948867866109,-0.03999999999999915,-8.096912787990957,-1.8009019231647017,-0.3286560614944564,strong_>=0.50,weak_<0.25,weak_any_<0.25
401752895,2025,11,2025-11-09T02:00:00+00:00,UCLA,Nebraska,away,Nebraska,underdog,<3,45-54.5,late_10_plus,-2.0,2.0,45.666666666666664,3,-7.0,-9.0,9.0,True,-10.351520470996284,-1.1249281601837429,1.1249281601837429,-0.7616585620130741,0.7616585620130741,football_lab_edge|elo_edge|efficiency_power_edge,-1.4580753253283902,1.4580753253283902,2,structural+market,agrees,-0.3491513713700611,-0.07926262295949305,-10.74,-6.536994628644437,-10.634862093252568,-0.1346646569574915,strong_>=0.50,strong_>=0.50,strong_both_>=0.50
401756951,2025,12,2025-11-15T17:00:00+00:00,Cincinnati,Arizona,away,Arizona,underdog,3-6.5,55-64.5,late_10_plus,-6.0,6.0,56.333333333333336,3,-6.0,-12.0,12.0,True,-10.03969484971984,-1.0910412134860563,1.0910412134860563,-0.4266885929745681,0.4266885929745681,football_lab_edge|elo_edge|efficiency_power_edge,-0.35303707759015823,0.35303707759015823,2,structural+market,agrees,-0.5722931359959341,-3.398406447689649,-3.1,0.8831370284838744,-2.5749702836035886,-0.220728501038412,moderate_0.25_0.50,moderate_0.25_0.50,moderate_both_>=0.25
401754596,2025,12,2025-11-15T21:30:00+00:00,Wake Forest,North Carolina,home,Wake Forest,favorite,3-6.5,<45,late_10_plus,-3.5,3.5,37.666666666666664,3,16.0,12.5,12.5,True,13.37429686228717,1.4534215727243682,1.4534215727243682,0.2352034445621479,0.2352034445621479,football_lab_edge|elo_edge|efficiency_power_edge,0.5354506036627206,0.5354506036627206,2,structural+market,opposes,-0.052121289578930405,3.5952443090913233,-0.2400000000000002,-1.809570253484826,3.9054520907000185,-0.02010272952326314,weak_<0.25,strong_>=0.50,weak_any_<0.25
401756966,2025,14,2025-11-29T17:00:00+00:00,Oklahoma State,Iowa State,away,Iowa State,favorite,7-13.5,45-54.5,late_10_plus,13.833333333333334,-13.833333333333334,46.833333333333336,3,-7.0,6.833333333333334,-6.833333333333334,False,-10.785210795247442,-1.1720584788568595,1.1720584788568595,-0.5321782491766854,0.5321782491766854,football_lab_edge|elo_edge|efficiency_power_edge,-0.6660846857915933,0.6660846857915933,2,structural+market,agrees,-0.8598686138773257,-3.4460734322357656,-6.506666666666666,4.396210390544907,-4.858266684010756,-0.331643869711671,strong_>=0.50,strong_>=0.50,strong_both_>=0.50
401754612,2025,14,2025-11-30T00:30:00+00:00,NC State,North Carolina,home,NC State,favorite,7-13.5,45-54.5,late_10_plus,-7.166666666666667,7.166666666666667,49.0,3,23.0,15.833333333333332,15.833333333333332,True,11.542244008319681,1.2543273573240803,1.2543273573240803,0.2863757313885073,0.2863757313885073,football_lab_edge|elo_edge|efficiency_power_edge,0.11246853181456405,0.11246853181456405,2,structural+market,opposes,-0.4494138163569657,5.239255809529438,0.013333333333332753,-5.733402735828668,0.8203192968848114,-0.17333501276019142,moderate_0.25_0.50,weak_<0.25,weak_any_<0.25
