scope,season,policy,source_games,keep_n,fade_n,pass_n,acted_n,n,wins,hit_rate,hit_rate_ci95,mean_aligned_residual,mean_aligned_residual_bootstrap_ci95,median_aligned_residual,worst_aligned_miss,best_aligned_result
pooled,,baseline_keep_all_full_convergence,155,155,0,0,155,155,82,0.529,0.4507|0.606,3.934,1.408|6.556,3.0,-31.0,47.833
pooled,,pass_narrative_missing,155,143,0,12,143,143,77,0.5385,0.4568|0.6181,4.3,1.588|7.05,3.333,-31.0,47.833
pooled,,pass_spread_14_plus,155,121,0,34,121,121,69,0.5702,0.4812|0.655,4.891,2.035|8.168,3.75,-31.0,47.833
pooled,,fade_spread_14_plus,155,121,34,0,155,155,90,0.5806,0.5019|0.6555,3.702,1.119|6.488,4.0,-42.0,47.833
pooled,,pass_missing_and_fade_14_plus,155,111,32,12,143,143,83,0.5804,0.4985|0.6582,3.703,1.261|6.404,4.0,-42.0,47.833
pooled,,pass_weak_confirmation,155,78,0,77,78,78,40,0.5128,0.4039|0.6205,4.284,0.454|7.846,2.312,-26.5,47.833
pooled,,pass_missing_and_weak_fade_14_plus,155,55,17,83,72,72,41,0.5694,0.4544|0.6774,3.239,-0.596|7.113,3.875,-42.0,47.833
year,2020,baseline_keep_all_full_convergence,12,12,0,0,12,12,5,0.4167,0.1933|0.6805,-0.424,-10.618|10.744,-4.8,-23.583,33.2
year,2021,baseline_keep_all_full_convergence,36,36,0,0,36,36,16,0.4444,0.2954|0.6042,2.012,-2.551|7.026,-0.562,-30.5,35.375
year,2022,baseline_keep_all_full_convergence,25,25,0,0,25,25,12,0.48,0.3003|0.665,1.35,-5.255|8.25,-3.5,-26.5,42.0
year,2023,baseline_keep_all_full_convergence,23,23,0,0,23,23,13,0.5652,0.3681|0.7437,3.986,-1.71|10.007,4.0,-31.0,31.667
year,2024,baseline_keep_all_full_convergence,30,30,0,0,30,30,17,0.5667,0.392|0.7262,6.819,1.158|12.395,3.417,-19.167,41.667
year,2025,baseline_keep_all_full_convergence,29,29,0,0,29,29,19,0.6552,0.4735|0.8006,7.328,1.333|13.736,6.5,-24.167,47.833
year,2020,pass_narrative_missing,12,0,0,12,0,0,,,,,,,,
year,2021,pass_narrative_missing,36,36,0,0,36,36,16,0.4444,0.2954|0.6042,2.012,-2.628|6.966,-0.562,-30.5,35.375
year,2022,pass_narrative_missing,25,25,0,0,25,25,12,0.48,0.3003|0.665,1.35,-5.255|8.275,-3.5,-26.5,42.0
year,2023,pass_narrative_missing,23,23,0,0,23,23,13,0.5652,0.3681|0.7437,3.986,-2.109|9.914,4.0,-31.0,31.667
year,2024,pass_narrative_missing,30,30,0,0,30,30,17,0.5667,0.392|0.7262,6.819,1.101|12.857,3.417,-19.167,41.667
year,2025,pass_narrative_missing,29,29,0,0,29,29,19,0.6552,0.4735|0.8006,7.328,2.138|13.649,6.5,-24.167,47.833
year,2020,pass_spread_14_plus,12,10,0,2,10,10,5,0.5,0.2366|0.7634,1.962,-9.727|15.12,0.4,-23.583,33.2
year,2021,pass_spread_14_plus,36,27,0,9,27,27,14,0.5185,0.3399|0.6926,4.006,-2.395|9.729,3.75,-30.5,35.375
year,2022,pass_spread_14_plus,25,16,0,9,16,16,7,0.4375,0.231|0.6682,-0.117,-7.745|8.613,-3.812,-26.5,36.5
year,2023,pass_spread_14_plus,23,21,0,2,21,21,11,0.5238,0.3237|0.7166,2.762,-3.414|8.534,1.5,-31.0,31.667
year,2024,pass_spread_14_plus,30,24,0,6,24,24,15,0.625,0.4271|0.7884,8.295,2.496|14.785,5.667,-19.167,41.667
year,2025,pass_spread_14_plus,29,23,0,6,23,23,17,0.7391,0.5353|0.8745,9.08,2.13|16.167,11.5,-24.167,47.833
year,2020,fade_spread_14_plus,12,10,2,0,12,12,7,0.5833,0.3195|0.8067,3.693,-7.95|14.304,7.7,-23.583,33.2
year,2021,fade_spread_14_plus,36,27,9,0,36,36,21,0.5833,0.422|0.7286,3.998,-1.03|8.59,4.75,-30.5,35.375
year,2022,fade_spread_14_plus,25,16,9,0,25,25,11,0.44,0.2667|0.6293,-1.5,-8.096|5.164,-3.5,-42.0,36.5
year,2023,fade_spread_14_plus,23,21,2,0,23,23,11,0.4783,0.2924|0.6704,1.058,-4.624|6.732,-0.0,-31.0,31.667
year,2024,fade_spread_14_plus,30,24,6,0,30,30,19,0.6333,0.4551|0.7813,6.453,0.686|12.271,8.333,-30.167,41.667
year,2025,fade_spread_14_plus,29,23,6,0,29,29,21,0.7241,0.5428|0.853,7.075,1.195|13.201,9.0,-30.5,47.833
year,2020,pass_missing_and_fade_14_plus,12,0,0,12,0,0,,,,,,,,
year,2021,pass_missing_and_fade_14_plus,36,27,9,0,36,36,21,0.5833,0.422|0.7286,3.998,-0.606|9.021,4.75,-30.5,35.375
year,2022,pass_missing_and_fade_14_plus,25,16,9,0,25,25,11,0.44,0.2667|0.6293,-1.5,-7.873|5.04,-3.5,-42.0,36.5
year,2023,pass_missing_and_fade_14_plus,23,21,2,0,23,23,11,0.4783,0.2924|0.6704,1.058,-5.094|6.819,-0.0,-31.0,31.667
year,2024,pass_missing_and_fade_14_plus,30,24,6,0,30,30,19,0.6333,0.4551|0.7813,6.453,0.444|12.236,8.333,-30.167,41.667
year,2025,pass_missing_and_fade_14_plus,29,23,6,0,29,29,21,0.7241,0.5428|0.853,7.075,0.993|13.362,9.0,-30.5,47.833
year,2020,pass_weak_confirmation,12,6,0,6,6,6,2,0.3333,0.0968|0.7,-2.233,-18.167|16.417,-9.35,-23.083,33.2
year,2021,pass_weak_confirmation,36,16,0,20,16,16,6,0.375,0.1848|0.6136,0.831,-4.227|5.99,-1.812,-13.75,21.75
year,2022,pass_weak_confirmation,25,15,0,10,15,15,8,0.5333,0.3012|0.7519,0.633,-7.578|10.669,1.625,-26.5,42.0
year,2023,pass_weak_confirmation,23,11,0,12,11,11,7,0.6364,0.3538|0.8483,6.818,-0.44|14.092,6.167,-18.0,31.667
year,2024,pass_weak_confirmation,30,16,0,14,16,16,8,0.5,0.28|0.72,5.505,-1.184|12.771,3.25,-14.833,30.5
year,2025,pass_weak_confirmation,29,14,0,15,14,14,9,0.6429,0.3876|0.8366,11.548,1.583|21.562,10.5,-16.333,47.833
year,2020,pass_missing_and_weak_fade_14_plus,12,0,0,12,0,0,,,,,,,,
year,2021,pass_missing_and_weak_fade_14_plus,36,11,5,20,16,16,9,0.5625,0.3318|0.769,2.362,-2.779|7.148,3.375,-17.5,21.75
year,2022,pass_missing_and_weak_fade_14_plus,25,9,6,10,15,15,6,0.4,0.1982|0.6425,-5.467,-14.578|3.435,-5.0,-42.0,23.875
year,2023,pass_missing_and_weak_fade_14_plus,23,11,0,12,11,11,7,0.6364,0.3538|0.8483,6.818,-0.697|14.669,6.167,-18.0,31.667
year,2024,pass_missing_and_weak_fade_14_plus,30,13,3,14,16,16,9,0.5625,0.3318|0.769,4.526,-3.349|11.479,8.333,-30.167,30.5
year,2025,pass_missing_and_weak_fade_14_plus,29,11,3,15,14,14,10,0.7143,0.4535|0.8828,9.286,-0.657|20.845,10.5,-30.5,47.833
